1,1,1,1,1,0.4447471,0.4157935,0.5552997,1,0
1,1,1,1,1,0.5057274,0.4045771,0.5655442,1,0
1,1,1,1,1,1,0.3937466,0.5766131,1,0
1,1,1,1,1,1,0.3832825,0.5885642,1,0
1,1,1,1,1,1,0.3731664,1,1,0
1,1,1,1,1,1,0.3648913,1,1,0
1,1,1,1,1,1,0.3567189,1,1,0
1,1,1,1,1,1,0.3486457,1,1,0
1,1,1,1,1,1,0.3406678,1,1,0
1,1,1,1,1,1,0.3327818,1,1,0
1,1,1,1,1,1,0.324984,1,0.6120228,0
0.7197973,1,1,1,1,1,0.3161146,1,0.5669502,0
0.7177593,1,1,1,1,1,0.3246396,1,0.5354925,0
0.7157243,1,1,1,1,1,0.3462355,1,0.5052657,0
0.7137152,1,1,1,1,1,0.3711472,1,0.4864078,0
0.7117587,1,1,1,1,1,0.3992785,0.3520612,0.4913008,0
0.7096224,1,1,1,1,1,1,0.3383884,0.498466,0
0.7076643,1,1,1,1,1,1,0.3253236,0.5061715,0
0.7058826,1,1,1,1,1,1,0.3128285,0.5144431,0
0.7042755,1,1,1,1,1,1,0.3008678,0.5233091,0
0.7028309,1,1,1,1,1,1,0.2894742,0.5326713,0
0.7015117,1,1,1,1,1,1,0.2786812,1,1
0.6994533,1,1,1,1,1,1,0.2708728,1,1
0.6973814,1,1,1,1,1,1,0.2631015,1,1
0.695296,1,1,1,1,1,1,0.2553676,1,1
0.6931968,1,1,1,1,1,1,0.2476712,1,1
0.6910838,1,1,1,1,1,1,0.2400123,1,1
0.6889564,1,1,1,1,1,1,0.2323911,1,1
0.6868149,1,1,1,1,1,1,0.2355113,1,1
0.6846453,1,1,1,1,1,1,0.2414217,1,1
0.6824448,1,1,1,1,1,1,0.2472977,1,1
0.6802142,1,1,1,1,1,1,0.2531295,0.3020149,0
0.6793005,1,1,1,1,1,1,0.2683784,0.2832955,0
0.6785507,1,1,1,1,1,1,0.2852877,0.2657955,0
0.6779655,1,1,1,1,1,1,0.3040876,0.2494049,0
0.6775458,1,1,1,1,1,1,0.462347,0.2340264,0
0.6772165,1,1,1,1,1,1,0.4918366,0.2197108,0
0.6769159,1,1,1,1,1,1,1,0.2063991,0
0.6754166,1,1,1,1,1,1,1,0.1979689,0
0.6739222,1,1,1,1,1,1,1,0.2046312,0
0.6723533,1,1,1,1,1,1,1,0.2114505,0
0.6707028,1,1,1,1,1,1,1,0.2184173,0
0.6689643,1,1,1,1,1,1,1,0.2255217,0
0.667132,1,1,1,1,1,1,1,0.2327531,0
0.6652009,1,1,1,1,1,1,1,0.2401002,0
0.663166,1,1,1,1,1,1,1,0.2475512,0
0.6610237,1,1,1,1,1,1,1,0.2550937,0
0.6587702,1,1,1,1,1,1,1,0.2627148,0
0.6564029,1,1,1,1,1,1,1,0.270401,0
0.6539193,1,1,1,1,1,1,1,0.3646784,1
0.6507882,1,1,1,1,1,1,1,0.3720181,1
0.6475509,1,1,1,1,1,1,1,0.3792858,1
0.6442093,1,1,1,1,1,1,1,0.3864688,1
0.6407655,1,1,1,1,1,1,1,0.393555,1
0.6372222,1,1,1,1,1,1,1,0.4005325,1
0.6335821,1,1,1,1,1,1,1,0.4073902,1
0.6298487,1,1,1,1,1,1,1,0.4141175,1
0.6260254,1,1,1,1,1,1,1,0.4207042,1
0.622116,1,1,1,1,1,1,1,0.4271412,1
0.6181249,1,1,1,1,1,1,1,0.4334196,1
0.6165712,1,1,1,1,1,1,1,0.4395315,1
0.6323774,1,1,1,1,1,1,1,1,2
0.6746742,1,1,1,1,1,1,1,1,2
0.7174807,1,1,1,1,1,1,1,1,2
1,1,1,1,1,1,1,1,1,1
1,1,1,1,1,1,1,1,1,1
1,1,1,1,1,1,1,1,1,1
1,1,1,1,1,1,1,1,1,1
1,1,1,1,1,1,1,1,1,1
1,1,1,1,1,1,1,1,1,1
1,1,1,1,1,1,1,1,1,1
1,1,1,1,1,1,1,1,1,1
1,1,1,1,1,1,1,1,1,1
1,1,1,1,1,1,1,1,1,1
1,1,1,1,1,1,1,1,1,1
1,1,1,1,1,1,1,1,1,1
1,1,1,1,1,1,1,1,1,1
1,1,1,1,1,1,1,1,1,1
1,1,1,1,1,1,1,1,1,1
1,1,1,1,1,1,1,1,1,1
1,1,1,1,1,1,1,1,1,1
1,1,1,1,1,1,1,1,1,1
1,1,1,1,1,1,1,1,1,1
1,1,1,1,1,1,1,1,1,1
1,1,1,1,1,1,1,1,1,1
1,1,1,1,1,1,1,1,1,1
1,1,1,1,1,1,1,1,1,1
1,1,1,1,1,1,1,1,1,1
1,1,1,1,1,1,1,1,1,1
1,1,1,1,1,1,1,1,1,1
1,1,1,1,1,1,1,1,1,1
1,1,1,1,1,1,1,1,1,1
1,1,1,1,1,1,1,1,1,1
0.9307806,1,1,1,1,1,1,1,1,1
0.9261399,1,1,1,1,1,1,1,1,1
0.9214764,1,1,1,1,1,1,1,1,1
0.9167934,1,1,1,1,1,1,1,1,1
0.9120939,1,1,1,1,1,1,1,1,1
0.9073812,1,1,1,1,1,1,1,1,1
0.9026589,1,1,1,1,1,1,1,1,1
0.8979302,1,1,1,1,1,1,1,1,1
0.8931993,1,1,1,1,1,1,1,1,2
0.8884696,1,1,1,1,1,1,1,1,2
0.883745,1,1,1,1,1,1,1,1,2
0.8790296,1,1,1,1,1,1,1,1,2
0.8743275,1,1,1,1,1,1,1,1,2
0.8854471,1,1,1,1,1,1,1,1,2
0.9233202,1,1,1,1,1,1,1,1,1
0.9570001,1,1,1,1,1,1,1,1,1
0.9863414,1,1,1,1,1,1,1,1,1
1,1,1,1,1,1,1,1,1,1
1,1,1,1,1,1,1,1,1,1
1,1,1,1,1,1,1,1,1,1
1,1,1,1,1,1,1,1,1,1
1,1,1,1,1,1,1,1,1,1
1,1,1,1,1,1,1,1,1,1
0.9975637,1,1,1,1,1,1,1,1,1
0.9941368,1,1,1,1,1,1,1,1,1
0.9906757,1,1,1,1,1,1,1,1,1
0.9871814,1,1,1,1,1,1,1,1,1
0.9836549,1,1,1,1,1,1,1,1,1
0.9800974,1,1,1,1,1,1,1,1,1
0.9765102,1,1,1,1,1,1,1,1,1
0.9728943,1,1,1,1,1,1,1,1,1
0.9692513,1,1,1,1,1,1,1,1,1
0.9655826,0.8431199,1,1,1,1,1,1,1,2
0.9603836,0.7795848,1,1,1,1,1,1,1,2
0.954694,0.7209257,1,1,1,1,1,1,1,2
0.9486699,0.7198529,1,1,1,1,1,1,1,2
1,0.7190289,1,1,1,1,1,1,1,2
1,0.7180244,1,1,1,1,1,1,1,2
1,0.7171814,1,1,1,1,1,1,1,2
1,0.7164999,1,1,1,1,1,1,1,2
1,0.715979,1,1,1,1,1,1,1,2
1,0.7156187,1,1,1,1,1,1,1,2
1,0.7154178,1,1,1,1,1,1,1,2
1,0.7153755,1,1,1,1,1,1,1,2
1,1,1,1,1,1,1,1,1,1
1,1,1,1,1,1,1,1,1,1
1,1,1,1,1,1,1,1,1,1
1,1,1,1,1,1,1,1,1,1
1,1,1,1,1,1,1,1,1,1
1,1,1,1,1,1,1,1,1,1
1,1,1,1,1,1,1,1,1,1
1,1,1,1,1,1,1,1,1,1
1,1,1,1,1,1,1,1,1,1
1,1,1,1,1,1,1,1,1,1
1,1,1,1,1,1,1,1,1,1
1,1,0.985727,1,1,1,1,1,1,1
1,1,0.9762795,1,1,1,1,1,1,1
1,1,0.9665481,1,1,1,1,1,1,1
1,1,0.9565334,1,1,1,1,1,1,1
1,1,0.9462379,1,1,1,1,1,1,1
1,1,0.9356652,1,1,1,1,1,1,1
1,1,0.9248204,1,1,1,1,1,1,1
1,1,0.9137102,1,1,1,1,1,1,1
1,1,0.902343,1,1,1,1,1,1,1
1,1,0.8907285,1,1,1,1,1,1,1
1,1,0.8788778,1,1,1,1,1,1,1
1,1,0.8668038,1,1,1,1,1,1,1
0.6252665,1,0.8545207,1,1,1,1,1,1,2
0.6221613,1,0.8292666,1,1,1,1,1,1,2
0.6194202,1,0.813799,1,1,1,1,1,1,2
0.6170811,1,0.8300977,1,1,1,1,1,1,2
0.6151485,1,0.8475664,1,1,0.9348389,1,1,1,2
0.6136105,1,0.8662302,1,1,0.9268036,1,1,1,2
0.6124459,1,0.8858042,1,1,0.9191756,1,1,1,2
1,1,1,1,1,0.911917,1,1,1,1
1,1,1,1,1,0.9053844,1,1,1,1
1,1,1,1,1,0.8988516,1,1,1,1
1,1,1,1,1,0.8923185,1,1,1,1
1,1,1,1,1,0.885785,1,1,1,1
1,1,1,1,1,0.8792512,1,1,1,1
1,1,1,1,1,0.872717,1,1,1,1
1,1,1,1,1,0.8661825,1,1,1,1
1,1,1,1,1,0.8596476,1,1,1,1
1,1,1,1,1,0.8531124,1,1,1,1
1,1,1,1,1,0.8465769,1,1,1,1
1,1,1,1,1,0.840041,1,1,1,1
1,1,1,1,1,0.8335049,1,1,1,1
1,1,1,1,1,0.8269683,1,1,1,1
1,1,1,1,1,0.8204315,1,1,1,1
1,1,1,1,1,0.8138943,1,1,1,1
1,1,1,1,1,0.8073567,1,1,1,1
1,1,1,1,1,0.8008189,1,1,1,1
1,1,1,1,1,0.7942808,1,1,1,1
1,1,1,1,1,0.7877423,1,1,1,1
1,1,1,1,1,0.7812034,1,1,1,1
1,1,1,1,1,0.7746643,1,1,1,1
1,1,1,1,1,0.768125,1,1,1,1
1,1,1,1,1,0.7615852,1,1,0.8709767,0
1,1,1,1,1,0.7551578,1,1,0.8486221,0
1,1,1,1,1,0.7487726,1,1,0.8254567,0
1,1,1,1,1,0.7424396,1,1,0.8016005,0
1,1,1,1,1,0.7361701,1,1,0.7771865,0
1,1,1,1,1,0.7299761,1,1,0.7550768,0
1,1,1,1,1,1,1,1,0.760338,0
1,1,1,1,1,1,1,1,0.7659452,0
1,1,1,1,1,1,1,1,0.7716218,0
1,1,1,1,1,1,1,1,0.7773606,0
1,1,1,1,1,1,1,1,0.7831541,0
1,1,1,1,1,1,1,1,0.7889952,0
1,1,1,1,1,1,1,1,0.7948766,0
1,1,1,1,1,1,0.6840132,1,0.8007914,0
1,1,1,1,1,1,0.676773,1,1,1
1,1,1,1,1,1,0.6702105,1,1,1
1,1,1,1,1,1,0.6636556,1,1,1
1,1,1,1,1,1,0.6571086,1,1,1
1,1,1,1,1,1,0.6505696,1,1,1
1,1,1,1,1,1,0.6440386,1,1,1
1,1,1,1,1,1,0.6375159,1,1,1
1,1,1,1,1,1,0.6310015,1,1,1
1,1,1,1,1,1,0.6244954,1,1,1
1,1,1,1,1,1,0.6179978,1,1,1
1,1,1,1,1,1,0.6115086,1,1,1
1,1,1,1,1,1,0.605028,1,1,1
1,1,1,1,1,1,0.598556,1,1,1
1,1,1,1,1,1,0.5920926,1,1,1
1,1,1,1,1,1,0.5856378,1,1,1
1,0.6285728,1,1,1,1,0.5791914,1,1,2
1,0.591248,1,1,1,1,0.573633,1,1,2
1,0.5547332,1,1,1,1,0.5682057,1,1,2
1,0.5193461,1,1,1,1,0.5629241,1,1,2
1,0.4923698,1,1,1,1,0.5578009,1,1,2
1,0.4942137,1,1,1,1,0.5528198,1,1,2
1,0.4962006,1,1,1,1,0.5478728,1,1,2
1,0.4983162,1,1,1,1,0.5429458,1,1,2
1,0.5005463,1,1,1,1,0.5380252,1,1,2
1,0.5028772,1,1,1,1,0.5330989,1,1,2
1,0.5052953,1,1,1,1,0.5281551,1,1,2
1,0.5077875,1,1,1,1,0.5231835,1,1,2
1,0.510341,1,1,1,1,0.5181745,1,1,2
1,0.5129436,1,1,1,1,0.5131193,1,1,2
1,1,1,1,1,0.5721246,0.5080101,1,1,0
1,1,1,1,1,1,0.5000608,1,1,0
1,1,1,1,1,1,0.4922794,1,1,0
1,1,1,1,1,1,0.4845544,1,1,0
1,1,1,1,1,1,0.4768848,1,1,0
1,1,1,1,1,1,0.4692698,1,1,0
1,1,1,1,1,1,0.4617087,1,1,0
1,1,1,1,1,1,0.4542002,1,1,0
1,1,1,1,1,1,0.4467433,1,1,0
1,1,1,1,1,1,0.439337,1,1,0
1,1,1,1,1,1,0.43198,1,1,0
1,1,1,1,1,1,0.4246713,1,1,0
1,1,1,1,1,1,0.4174097,1,1,0
1,1,1,1,1,1,0.4101938,1,1,0
1,1,1,1,1,1,0.4030226,1,1,0
1,1,1,1,1,1,0.3958946,1,1,0
1,1,1,1,1,1,0.3888087,1,1,0
1,1,1,1,1,1,0.3817635,1,1,0
1,1,1,1,1,1,0.374758,1,1,0
1,1,1,1,1,1,0.3677907,1,1,0
0.4100606,1,1,1,1,1,0.3608605,1,1,2
0.4087204,1,1,1,1,1,0.3556501,1,1,2
0.4076521,1,1,1,1,1,0.350465,1,1,2
0.4068397,1,1,1,1,1,0.3452927,1,1,2
0.4062676,1,1,1,1,1,0.3401209,1,1,2
0.4059202,1,1,1,1,1,0.3349377,1,1,2
0.4057829,0.9938399,1,1,1,1,0.3297324,1,1,2
0.4058551,0.9559795,1,1,1,1,0.3245173,1,1,2
0.4062065,0.9501969,1,1,1,1,0.3194054,1,1,2
0.4067677,0.9606537,1,1,1,1,0.3142685,1,1,2
0.5565519,0.9710702,1,1,1,1,0.3090317,1,1,2
0.5571004,0.9768848,1,1,1,1,0.302952,1,1,2
0.5576823,0.9824886,1,1,1,1,0.29678,1,1,2
0.5582883,0.9878668,1,1,1,1,0.2905164,1,1,2
1,1,1,1,1,0.9664699,0.2841629,1,1,0
1,0.983685,1,1,1,1,0.2756053,1,1,0
1,0.9752378,1,1,1,1,0.2672684,1,1,0
1,0.9672795,1,1,1,1,0.2590844,1,1,0
1,0.9597687,1,1,1,1,0.2510399,1,1,0
1,0.9526678,1,1,1,1,0.2431228,1,1,0
1,0.9459431,1,1,1,1,0.2353219,1,1,0
1,0.9395638,1,1,1,1,0.227627,1,1,0
1,0.9335023,1,1,1,1,0.2200292,0.2868295,1,0
1,0.9199765,1,1,1,1,0.2221199,0.2724637,1,0
1,0.9070386,1,1,1,1,0.2423708,0.2587751,1,0
0.5391619,0.8946548,1,1,1,1,0.2665122,0.2457156,1,0
1,0.8907976,1,1,1,1,0.2765152,0.2362649,1,0
0.5356128,0.8790665,1,1,1,1,0.3072489,0.2240286,1,1
1,0.8761868,1,1,1,1,0.8314053,0.2152645,1,0
0.5322419,0.8666748,1,1,1,1,0.8215922,0.2043007,0.9588332,1
1,0.8656295,1,1,1,1,0.8151955,0.1963739,0.9475197,0
1,0.8557211,1,1,1,1,0.8054718,0.1856523,0.948557,0
0.5270854,0.8464769,1,1,1,1,0.8545783,0.1754191,0.9603014,1
1,0.8459172,1,1,1,1,0.848292,0.1679488,0.9604204,0
1,0.8374249,1,1,1,1,1,0.1582526,0.9720097,0
0.6149752,0.8480546,1,1,1,1,1,0.151038,0.237356,0
0.5202499,0.874645,1,1,1,1,1,0.1598706,0.2178974,0
0.5187247,0.9046466,1,1,1,1,1,0.1696417,0.1998338,0
0.5172909,0.9386764,1,1,1,1,1,0.1804619,0.1830233,0
0.5159476,1,1,1,1,1,1,0.1924599,0.1673427,0
0.5146943,1,1,1,1,1,1,0.2057876,0.1526847,0
0.5135304,1,1,1,1,1,1,0.2206246,0.138955,0
0.5124561,1,1,1,1,1,1,1,0.1307457,0
0.5102603,1,1,1,1,1,1,1,0.1353793,0
0.5080054,1,1,1,1,1,1,1,0.140094,0
0.5056899,1,1,1,1,1,1,0.7683582,0.1448833,0
0.5036986,1,1,1,1,1,1,0.7584115,0.1502945,0
0.5016499,1,1,1,1,1,1,0.7487901,0.1558516,0
0.499539,1,1,1,1,1,1,0.739475,0.1615479,0
0.4973618,1,1,1,1,1,1,0.7304479,0.1673763,0
0.4951144,1,1,1,1,1,1,0.7216914,0.1733289,0
0.4927934,1,1,1,1,1,1,0.7131886,0.1793972,0
0.4903959,1,1,1,1,1,1,0.7049235,0.1855725,0
0.4879193,1,1,1,1,1,1,0.6968809,0.1918456,0
0.4853617,1,1,1,1,1,1,0.6890461,0.1982066,0
0.488577,1,1,1,1,1,1,0.6814057,0.9881035,2
0.5384941,1,1,1,1,1,1,0.6790842,0.9954369,2
0.5904306,1,1,1,1,1,1,0.6763683,1,2
1,1,1,1,1,1,1,0.6731635,1,0
1,1,1,1,1,1,1,0.6656673,0.9916182,0
1,1,1,1,1,1,1,0.6581595,0.9780437,0
1,1,1,1,1,1,1,0.6706353,0.9734491,0
1,1,1,1,1,1,1,0.690767,0.9836042,0
1,1,1,1,1,1,1,0.7103063,0.9932749,0
1,1,1,1,1,1,1,0.7291896,1,1
1,1,1,1,1,1,1,0.7475192,1,1
1,1,1,1,1,1,1,1,1,1
1,1,1,1,1,1,1,1,1,1
1,1,1,1,1,1,1,1,1,1
1,1,1,1,1,1,1,1,1,1
1,1,1,1,1,1,1,1,1,1
1,1,1,1,1,1,1,1,1,1
1,0.7664118,1,1,1,1,1,1,1,2
1,0.6872116,1,1,1,1,1,1,1,2
1,0.6498678,1,1,1,1,1,1,1,2
1,0.6483453,1,1,1,1,1,1,1,2
1,0.6470395,1,1,1,1,1,1,1,2
1,0.6459504,1,1,1,1,1,1,1,2
1,0.6450783,1,1,1,1,1,1,0.9971901,2
1,0.6444076,1,1,1,1,1,1,0.9885951,2
1,0.6439011,1,1,1,1,1,0.6909257,0.9805447,2
1,0.6425142,1,1,1,1,1,0.685361,0.977421,2
1,0.6411636,1,1,1,1,1,0.6803087,0.9745637,2
1,0.6398467,1,1,1,1,1,0.6757125,0.9719479,2
1,1,1,1,1,1,1,0.671524,0.9695526,0
1,1,1,1,1,1,1,1,0.9784897,1
1,1,1,1,1,1,1,1,0.9824321,1
1,1,1,1,1,1,1,1,0.9862821,1
1,1,1,1,1,1,1,1,0.9900396,1
1,1,1,1,1,1,1,1,0.9937048,1
1,1,1,1,1,1,1,1,0.9972783,1
1,1,1,1,1,1,1,1,1,1
1,1,1,1,1,1,1,1,1,1
1,1,1,1,1,1,1,1,1,1
1,1,1,1,1,1,1,1,1,1
1,1,1,1,1,1,1,1,1,1
1,1,1,1,1,1,1,1,1,1
1,1,1,1,1,1,1,1,1,1
1,1,1,1,1,1,1,1,1,1
1,1,1,1,1,1,1,0.7334971,1,0
1,1,1,1,1,1,1,0.7249086,0.6029173,0
1,1,1,1,1,1,1,0.71199,0.5803899,0
1,1,1,1,1,1,1,0.6993959,0.5587088,0
1,1,1,1,1,1,1,0.6871697,0.5379224,0
1,1,1,1,1,1,1,0.6753467,0.5180611,0
1,1,1,1,1,1,1,0.6639538,0.506402,0
1,1,1,1,1,1,1,0.6530594,0.5212814,0
1,1,1,1,1,1,1,0.6941056,0.5366632,0
1,1,1,1,1,1,1,0.7443144,0.5520947,0
1,1,1,1,1,1,1,1,0.5674498,0
1,1,1,1,1,1,1,1,0.581003,0
1,1,1,1,1,1,1,1,0.8301043,0
1,1,1,1,1,1,1,1,0.8406081,0
1,1,1,1,1,1,1,1,1,1
1,1,1,1,1,1,1,1,1,1
1,1,1,1,1,1,1,1,1,1
1,1,1,1,1,1,1,1,1,1
1,1,1,1,1,1,1,1,1,1
1,1,1,1,1,1,1,1,1,1
1,1,1,1,1,1,1,1,1,1
1,1,1,1,1,1,1,0.9967459,1,1
1,1,1,1,1,1,1,0.9911106,1,1
1,1,1,1,1,1,1,0.9854604,1,1
1,1,1,1,1,1,1,0.9797956,1,1
0.5131325,1,1,1,1,1,1,0.9741167,1,2
0.5056943,1,1,1,1,0.9986784,1,0.9734003,1,2
0.4985759,1,1,1,1,0.9842023,1,0.9730732,1,2
0.4917537,1,1,1,1,0.9700034,1,0.973228,1,2
0.4852475,1,1,1,1,0.9561208,1,0.9738971,1,2
0.4790859,1,1,1,1,0.9426216,1,0.975079,1,2
0.4733258,1,1,1,1,0.930111,1,0.9766377,1,2
0.467956,1,1,1,1,0.9824657,1,1,1,2
0.5081599,1,1,1,1,1,1,1,0.8122826,2
0.5825409,1,1,1,0.9549696,1,1,1,0.8061076,2
1,1,1,1,0.9430916,1,1,1,0.8017849,0
1,1,1,1,0.9387743,1,1,1,0.8090407,0
1,1,1,1,0.9343253,1,1,1,1,1
1,1,1,1,0.9271477,1,1,1,1,1
1,1,1,1,0.9199221,1,1,1,1,1
1,1,1,1,0.9126495,1,1,1,1,1
1,1,1,1,0.9053316,1,1,1,1,1
1,1,1,1,0.8979701,1,1,1,1,1
1,1,1,1,0.8905671,1,1,1,1,1
1,1,1,1,0.8831238,1,1,0.9192062,1,1
1,1,1,1,0.8762265,1,1,0.9127339,1,1
1,1,1,1,0.8693317,1,1,0.9062556,0.6170797,0
1,1,1,1,0.86742,1,1,0.8945708,0.5990136,0
1,1,1,1,0.8658693,0.9015043,1,0.8829666,0.5812279,0
1,1,1,1,1,0.8553181,1,0.8719031,0.5644887,0
1,1,1,1,1,0.8062807,1,0.8602591,0.5468945,0
1,1,1,1,1,0.8012688,1,0.849036,0.5301198,0
1,1,1,1,1,0.7989018,1,0.8380635,0.5138614,0
1,1,1,1,1,0.79679,1,0.8413388,0.5199475,0
1,1,1,1,1,0.794672,1,0.8840217,0.53199,0
1,1,1,1,1,0.7923046,1,0.9267856,0.5437974,0
1,1,1,1,1,0.7896698,1,1,0.5553264,0
1,1,1,1,1,0.7866241,1,1,0.5662898,0
1,1,0.9697034,1,1,0.7834724,1,1,0.5772449,0
1,1,0.9610279,1,1,0.7798395,1,1,0.5874488,0
1,1,0.95291,1,1,0.775973,1,1,1,2
1,1,0.9517891,1,1,0.7680659,1,1,1,2
1,1,1,1,1,0.7601582,1,1,1,1
1,1,1,1,1,0.7528145,1,1,1,1
1,1,1,1,1,0.7454653,1,1,1,1
1,1,1,1,1,0.7381126,1,1,1,1
1,1,1,1,1,0.7307581,1,1,1,2
1,1,1,1,1,0.7234038,1,1,1,2
1,1,1,1,1,0.7160512,1,1,1,2
1,1,1,1,1,0.708702,1,1,1,2
1,1,1,1,1,0.7013578,1,1,1,2
1,1,1,1,1,0.6940203,1,1,1,2
1,1,1,1,1,0.6866907,1,1,1,2
1,1,1,1,1,0.6793703,1,1,1,2
1,1,1,1,1,0.6720608,1,1,1,2
1,1,1,1,1,0.6647629,1,1,1,2
1,1,1,1,1,0.6574779,1,1,1,2
1,1,1,1,1,0.6502067,1,1,1,2
1,1,1,1,1,0.6429505,1,1,1,2
1,1,1,1,1,0.6357099,1,1,1,2
1,1,1,1,1,0.6284859,1,1,1,2
1,1,1,1,1,0.621279,1,1,1,2
1,1,1,1,1,0.6140899,1,1,1,2
1,1,1,1,1,0.6069189,1,1,1,2
1,1,1,1,1,0.5997665,1,1,1,2
1,1,1,1,1,0.5926334,1,1,1,2
1,1,1,1,1,0.5855198,1,1,1,2
1,1,1,1,1,0.5784256,1,1,1,2
1,1,1,1,1,0.5713513,1,1,1,2
1,0.8485773,1,1,1,0.5642969,1,1,1,2
1,0.7890299,1,1,1,0.5563008,1,1,1,2
1,0.7398247,1,1,1,0.5480582,1,1,1,2
1,0.7402766,1,1,0.5724074,0.5396925,1,1,1,2
1,0.742373,1,1,0.5606781,0.5307811,1,1,1,2
1,0.7449623,1,1,0.5493376,0.5221303,1,1,1,2
1,0.7480215,1,1,0.5383918,0.5411672,1,1,1,2
1,0.7513106,1,1,0.5279673,0.5960655,1,1,1,2
1,0.754721,1,1,0.5180403,1,1,1,1,2
1,0.9465825,1,1,0.5088453,1,1,1,1,2
1,0.9478139,1,1,0.5009573,1,1,1,1,2
1,0.9491201,1,1,0.4931404,1,1,1,1,2
1,0.9504957,1,1,0.485392,1,1,1,1,2
1,0.9519351,1,1,0.4777094,1,1,1,1,2
1,0.9534327,1,0.500415,0.4700898,1,1,1,1,2
1,0.9591236,1,0.4897323,0.461512,1,1,0.7510706,1,2
1,0.961894,1,0.4806929,0.4538163,1,1,0.7442195,1,2
1,1,1,0.4718563,0.4462327,1,1,0.7380149,1,2
1,1,1,0.4634544,0.4388765,1,1,0.7336538,1,2
1,1,1,0.4551631,0.4315793,1,1,0.7295904,1,2
1,1,1,0.4469742,0.4243362,1,1,0.7258028,1,2
1,1,1,0.4388802,0.4171425,1,1,0.7222716,1,2
1,1,1,0.430874,0.409994,1,1,0.7189779,1,2
0.7749058,1,1,0.422949,0.4028867,1,1,0.7159051,1,2
0.6771727,1,1,0.4136752,0.395155,1,1,0.7050167,1,2
0.6774142,1,1,0.4041435,0.4279772,1,1,0.6920165,1,2
0.6778541,1,1,0.3950297,0.4734636,1,1,0.6807209,1,2
0.6784396,1,1,0.386273,1,1,1,0.6708927,1,2
0.6788638,1,1,0.3780754,1,1,1,0.6639548,1,2
0.6793888,1,1,0.3700279,1,1,1,0.6575223,1,2
0.6800014,1,1,0.3621157,1,1,1,0.6515497,1,2
0.6806899,1,1,0.3543258,1,1,1,0.6459962,1,2
0.6814433,1,0.3843206,0.346646,1,1,1,0.6408253,1,2
0.9268216,1,0.3724942,0.3381107,1,1,1,0.6287333,1,2
0.8636724,1,0.363111,0.3305649,1,1,1,0.6234313,1,2
0.8659219,1,0.3534928,0.3229458,1,1,1,0.6170558,1,2
0.8682079,1,0.344169,0.3154555,1,1,1,0.6112236,1,2
0.8705104,1,0.3351063,0.3321241,1,1,1,0.6058758,1,2
0.8727688,1,0.3263016,0.3507807,1,1,1,0.6010504,1,2
0.8749689,1,0.3177218,0.3700967,1,1,1,0.5966855,1,2
0.8771021,1,0.3093368,0.3900024,1,1,1,0.5927231,1,2
0.8791631,1,0.3011211,0.4104221,1,1,1,0.5891134,1,2
0.8811485,1,0.2930528,1,1,1,1,0.5858136,1,1
0.8821293,1,0.2855039,1,1,1,1,0.5842975,1,1
1,1,0.2779825,1,1,1,1,0.5828013,1,1
1,1,0.2710136,1,1,1,1,0.5834625,1,1
1,1,0.2640081,1,1,1,1,0.5840457,1,1
1,1,0.2569685,1,1,1,1,0.584552,1,1
1,1,0.2498972,1,1,1,1,0.5849826,1,1
1,1,0.2427969,1,1,1,1,0.5853392,1,1
1,1,0.2356699,1,1,1,1,0.5856233,1,1
1,1,0.2285185,1,1,1,1,0.5858367,1,1
1,1,0.2213452,1,1,1,1,1,1,2
1,1,0.2129239,1,1,1,1,0.5797536,1,1
1,1,0.2058198,1,1,1,1,1,1,2
1,0.2683555,0.1975651,1,1,1,1,1,1,2
1,0.2530098,0.1888484,1,1,1,1,0.5645222,1,2
1,0.2387452,0.1905005,1,1,1,1,0.5560117,1,2
1,0.2253781,0.2033069,1,1,1,1,0.5482146,1,2
1,1,1,1,1,1,0.8633029,1,1,1
1,1,1,1,1,1,0.8678471,1,1,1
1,1,1,1,1,1,0.8723061,1,1,1
1,1,1,1,1,1,0.8766788,1,1,1
1,1,1,1,1,1,0.880965,1,1,1
1,1,1,1,1,1,1,1,0.978924,1
1,1,1,1,1,1,1,1,0.9513115,1
1,1,1,1,1,1,1,1,0.9202331,1
1,1,1,1,1,1,1,1,0.9098864,1
1,1,1,1,1,1,1,1,0.9109842,1
1,1,1,1,1,1,1,1,0.9121082,1
1,1,1,1,1,1,1,1,0.9132576,1
1,1,1,1,1,1,1,1,0.9144312,1
1,1,1,1,1,1,1,1,0.9156281,1
1,1,1,1,1,1,1,1,0.9168475,1
1,1,1,1,1,1,1,0.7312245,0.9180878,0
1,1,1,1,1,1,1,0.7123492,0.921866,0
1,1,1,1,1,1,1,0.6938007,0.9259834,0
1,1,1,1,1,1,0.9366945,0.6756164,0.9304464,0
1,1,1,1,1,1,0.9250402,0.657219,1,0
1,1,1,1,1,1,0.9143666,0.6407955,1,0
1,0.941693,1,1,1,1,0.9037535,0.6245318,1,0
1,0.9345288,1,1,1,1,0.8938128,0.6191267,1,0
1,0.9275543,1,1,1,1,0.8840735,0.6271585,1,0
1,0.9209846,1,1,1,1,0.8746291,0.6351498,1,0
1,0.9147873,1,1,1,1,0.8654535,0.6430827,1,0
1,0.9089324,1,1,1,1,0.8565229,0.6509405,1,0
1,0.903393,1,1,1,1,0.8478155,0.6587077,1,0
1,0.8981444,1,1,1,1,0.8393115,0.66637,1,0
1,0.8931636,1,1,1,1,0.8309927,0.6652743,1,0
1,0.8883141,1,1,1,1,0.856023,0.6531289,1,0
1,0.8836138,1,1,1,1,0.8843734,0.641286,1,0
1,0.8790678,1,1,1,1,0.9134565,0.6297411,1,0
1,0.8746673,1,1,1,1,1,0.6222564,1,0
1,0.8707002,1,1,1,1,1,0.6286675,1,0
1,0.8669174,1,1,1,1,1,0.6349098,1,0
1,0.8633052,1,1,1,1,1,0.640979,1,1
1,0.8598508,1,1,1,1,1,0.6468711,1,1
1,0.856543,1,1,1,1,1,0.6525835,1,1
1,0.8533717,1,1,1,1,1,0.6581138,1,1
1,0.8503274,1,1,1,1,1,0.6634607,1,1
1,0.847402,1,1,1,1,1,0.6686236,1,1
1,0.8445877,1,1,1,1,1,0.6736023,0.654331,0
1,0.8366757,1,1,1,1,1,1,0.6241624,0
1,0.8318306,1,1,1,1,1,1,0.6032792,0
1,0.8268244,1,1,1,1,1,1,0.5825044,0
1,0.821677,1,1,1,1,1,1,0.5619126,0
1,0.8164086,1,1,1,1,1,1,0.5415728,0
1,0.8110394,1,1,1,1,1,1,0.5417815,0
1,0.8058321,1,1,1,1,1,1,0.5472682,0
1,0.8008353,1,1,1,1,1,1,0.5527408,0
1,0.7960306,1,1,1,1,1,1,0.558189,0
1,0.7914026,1,1,1,1,1,1,0.5636032,0
1,0.7869365,1,1,1,1,1,1,0.5689744,0
1,0.7826192,1,1,1,1,1,0.7446797,0.574294,0
1,0.7769033,1,1,1,1,1,0.7325976,0.5818071,0
1,0.7713935,1,1,1,1,1,0.7209938,0.5769723,0
1,0.7659652,1,1,1,1,1,0.7096748,0.558117,0
1,0.760501,1,1,1,1,1,0.6984643,0.5418723,0
1,0.7550386,1,1,1,1,1,0.687417,0.550037,0
1,0.7497723,1,1,1,1,1,0.6768163,0.5582529,0
1,0.7446845,1,1,1,1,1,0.6666272,0.566499,0
1,0.7397584,1,1,1,1,1,0.6568164,0.5747557,0
1,0.734979,1,1,1,1,1,0.6564523,0.5830033,0
1,0.7303628,1,1,1,1,1,0.6760655,0.5911411,0
1,0.7259534,1,1,1,1,1,0.6949983,0.5989703,0
1,0.7217231,1,1,1,1,1,0.7131711,0.6064817,0
1,0.7176483,1,1,1,1,1,0.7305166,0.7858971,1
1,0.7146206,1,1,1,1,1,0.7374779,0.7896491,1
1,0.7116546,1,1,1,1,1,0.7438089,0.7931455,1
1,0.7087477,1,1,1,1,1,1,0.796401,2
1,0.7066158,1,1,1,1,1,1,0.7964693,2
1,0.7045415,1,1,1,1,1,1,0.7964875,2
1,0.7025245,1,1,1,1,1,1,0.7964596,2
1,0.700565,1,1,1,1,1,1,0.79639,2
1,0.6986625,1,1,1,1,1,1,0.7962825,2
1,1,1,1,1,1,1,1,0.7961401,0
1,1,1,1,1,1,1,1,1,1
1,1,1,1,1,1,1,1,1,1
1,1,1,1,1,1,1,1,1,1
1,1,1,1,1,1,1,1,1,1
1,1,1,1,1,1,1,1,1,1
1,1,1,1,1,1,1,1,1,1
1,1,1,1,1,1,1,1,1,1
1,1,1,1,1,1,1,1,1,1
1,1,1,1,1,1,1,1,1,1
1,1,1,1,1,1,1,1,1,1
1,1,1,1,1,1,1,1,1,1
1,1,1,1,1,1,1,1,1,1
1,1,1,1,1,1,1,1,1,1
1,1,1,0.9953857,1,1,1,1,1,1
1,1,1,0.9906145,1,1,1,1,1,1
1,1,1,0.9860051,1,1,1,1,0.6407477,0
1,1,1,0.9657909,1,1,1,1,0.6232988,0
1,1,1,0.9462712,1,1,1,1,0.6064591,0
1,1,1,0.9274399,1,1,1,1,0.5902153,0
1,1,1,0.909285,1,1,1,1,0.5745515,0
1,1,1,0.8917919,1,1,1,1,0.5594494,0
1,1,1,0.8749415,1,1,1,1,0.5448892,0
1,1,1,0.861558,1,1,1,1,0.5330954,0
1,1,1,0.8614134,1,1,1,1,0.5433123,0
1,1,1,0.8610353,1,1,1,1,0.5535995,0
1,1,1,0.8604076,1,1,1,1,0.5639366,0
1,1,1,0.8595145,1,1,1,1,0.5743026,0
1,1,1,0.8583416,1,1,1,1,0.5846755,0
1,1,1,0.8568747,1,1,1,1,0.595033,0
1,1,1,0.8551005,1,1,1,1,0.6053522,0
1,1,1,0.853007,1,1,1,1,0.856629,1
1,1,1,0.8451313,1,1,1,1,0.8609074,1
1,1,1,0.8369839,1,1,1,1,0.8658636,1
1,1,1,0.8285535,1,1,1,1,0.8704453,1
1,1,1,0.8198531,1,1,1,1,0.8746513,1
1,1,1,0.8108968,1,1,1,1,0.8784829,1
1,1,1,0.8016997,1,1,1,1,0.8819431,1
0.5799844,1,1,0.7922774,1,1,1,1,0.8850365,2
0.5727769,1,1,0.7707182,1,1,1,1,0.8716494,2
0.5659202,1,1,0.7498239,1,1,1,1,0.8586001,2
0.5594319,1,1,0.7586458,1,1,0.995047,1,0.8459523,2
0.5534208,1,1,0.7722362,1,1,0.9877998,1,0.842969,2
0.547838,1,1,0.786664,1,1,0.9809067,1,0.8519484,2
0.5426261,1,1,0.8023316,1,1,0.9743347,1,0.8615472,2
0.5377772,1,1,0.819333,1,1,0.9680778,1,0.8717983,2
0.606525,1,1,1,1,1,0.9621296,1,0.589865,1
0.6574964,1,1,1,1,1,0.956083,1,0.8761961,2
1,1,0.781565,1,1,1,0.9501993,1,0.8774813,1
1,1,0.7699957,1,1,1,0.9441465,1,0.8706025,1
1,1,0.758412,1,1,1,0.9380955,1,0.8637749,1
1,1,0.7468203,1,1,1,0.9320465,1,0.8569931,1
1,1,0.7352274,1,1,1,0.9259996,1,0.8502514,1
1,1,0.72364,1,1,1,0.9199553,1,0.8435432,1
1,1,0.7120649,1,1,1,0.9139133,1,0.8368618,1
1,1,0.7005092,1,1,1,0.907874,1,0.8301994,1
1,1,0.6889797,1,1,1,0.9018372,1,0.8235484,1
1,1,0.6774833,1,1,1,0.8958029,1,0.8168998,1
1,1,0.6660267,1,1,1,0.889771,1,0.8102445,1
1,1,0.6546164,1,1,1,0.8837411,1,0.8068417,1
1,1,0.643185,1,1,1,0.8777195,1,0.8076752,1
1,1,0.6316489,1,1,1,0.8717148,1,0.8083186,1
1,1,0.6200286,1,1,1,0.8657283,1,0.8087814,2
1,1,0.6083443,1,1,1,0.8597605,1,0.8090736,2
1,1,0.5983932,1,1,1,0.8538123,1,0.8092058,2
1,1,0.5981017,1,1,1,0.8478804,1,0.8092188,2
1,1,0.5977891,1,1,1,0.8419427,1,0.8092834,2
1,1,0.5974547,1,1,1,0.8359982,1,0.8093969,2
1,1,0.597098,1,1,1,0.8300457,1,0.809557,2
0.9839218,1,0.5967178,1,1,1,0.8240846,1,0.8097615,2
0.9814959,1,0.5967427,1,1,1,0.818175,1,0.8096431,2
0.979129,1,0.5967963,1,1,1,0.8122636,1,0.8095343,2
0.9768201,1,0.5968751,1,1,1,0.8063493,1,0.8094372,2
0.9745681,1,0.596976,1,1,1,0.800431,1,0.8093536,2
0.9723718,1,0.5970959,1,1,1,0.7945076,1,0.8092846,2
0.9702297,1,0.5972321,1,1,1,0.788578,1,0.809232,2
0.9681408,1,0.5973815,1,1,1,0.7826414,1,0.8091964,2
0.9661035,1,0.5975412,1,1,1,0.7766965,1,0.8091792,2
0.9641163,1,0.5977086,1,1,1,0.7707426,1,0.8091808,2
0.9621779,1,0.5978812,1,1,1,0.7647787,1,0.809202,2
0.9602867,1,0.5980561,1,1,1,0.758804,1,0.8092431,2
1,1,1,1,1,1,0.7528175,1,0.8093048,0
0.9567145,1,1,1,1,1,0.7452972,1,0.8156154,0
0.9549623,1,1,1,1,1,0.7380959,1,0.8210348,0
0.9556306,1,1,1,1,1,0.7309843,1,0.8264158,0
0.9745309,1,1,1,1,1,0.7239454,1,0.831803,0
0.9756988,1,0.5617551,1,1,1,0.7169043,1,1,2
1,1,1,1,1,1,0.7116282,1,1,1
1,1,1,1,1,1,0.7050143,1,1,1
1,1,1,1,1,1,0.6984072,1,1,1
1,1,1,1,1,1,0.6918073,1,1,1
1,1,1,1,1,1,0.6852147,1,1,1
1,1,1,1,1,1,0.6786296,1,1,1
1,1,1,1,1,1,0.6720521,1,0.908767,0
1,1,1,1,1,1,0.6652123,1,0.8899087,0
1,1,1,1,1,1,0.6583599,1,0.8705547,0
1,1,1,1,1,1,0.6515042,1,0.8507831,0
1,1,1,1,1,1,0.6446556,1,0.830678,0
1,1,1,1,1,1,0.6378251,1,0.8103274,0
1,1,1,1,1,1,0.6310242,1,0.7927276,0
1,1,1,1,1,1,0.6242692,1,0.8003042,0
1,1,1,1,1,1,0.6802976,1,0.8078567,0
1,1,1,1,1,1,0.8979666,1,0.8152522,0
1,1,1,1,1,1,1,1,0.8222143,0
1,1,1,1,1,1,1,1,0.8289812,0
1,1,1,1,1,1,1,1,0.8357226,0
1,1,1,1,1,1,1,1,0.8424319,0
1,1,1,1,1,1,1,1,0.8491023,0
1,1,1,1,1,1,1,1,1,1
1,0.4699072,1,1,1,1,1,1,1,2
1,0.4199204,1,1,1,1,1,1,0.8484712,2
1,0.3791481,1,1,1,1,1,1,0.8402275,2
1,0.342474,1,1,1,1,0.9305054,1,0.8316695,2
1,0.3427793,1,1,1,1,0.832941,0.9974959,0.8231381,2
1,0.3431888,1,1,1,1,0.6359966,0.97188,0.8156025,2
1,0.34349,1,1,1,1,0.5788529,0.9527193,0.8095579,2
1,0.3437547,1,1,1,1,0.5375844,0.9544352,0.804463,2
1,0.3440455,1,0.9991613,1,1,0.5239027,0.9557367,0.7999599,2
1,0.3443787,1,0.9861072,1,1,0.5185876,0.9567168,0.7959076,2
1,0.3447914,1,0.9735383,1,1,0.5132684,0.957544,0.7921454,2
1,0.3452743,1,0.9614232,1,1,0.5079357,0.9581912,0.7886579,2
1,0.345818,1,0.9497322,1,1,0.5025807,0.9586322,0.7854292,2
1,0.3464134,1,0.9584061,1,1,0.4971952,0.9588419,0.7824448,2
1,0.3469896,1,0.9812979,1,1,0.4917339,0.9585578,0.7798079,2
1,0.3474944,1,1,1,1,0.4861644,0.9576019,0.7775641,2
0.3775541,1,1,1,1,1,0.4804905,0.9560235,0.7756504,2
0.3011941,1,1,1,1,1,0.4750578,0.9559761,0.7731013,2
0.3006421,1,1,1,1,1,0.4700093,0.9583175,0.7696553,2
0.3002072,1,1,1,1,1,0.4649195,0.9604355,0.7664511,2
0.2998812,1,1,1,1,1,0.4597808,0.962307,0.7634687,2
0.299656,1,1,1,1,1,0.4545861,0.9639083,0.7606906,2
0.2995239,1,1,1,1,1,0.449329,0.9652154,0.7581012,2
0.2994775,1,0.9329283,1,1,1,0.4440032,1,0.7556859,2
0.2996606,1,0.9185416,1,1,1,0.4389986,1,0.7527767,2
0.2999584,1,0.9046601,1,1,1,0.4339566,1,0.7500095,2
0.3003644,1,0.891261,1,1,1,0.4288682,1,0.7473789,2
0.3008722,1,0.8783206,1,1,1,0.4237248,1,0.7448788,2
0.3014752,1,0.865815,1,1,0.777673,0.4185188,1,0.7425029,2
0.3020549,1,0.8542878,1,1,0.7309564,0.4129926,1,0.7405425,2
1,1,0.8432422,1,1,0.6923646,0.4073201,1,0.7387509,0
1,1,0.8441381,1,1,0.7889537,0.3964541,1,0.7432623,0
1,1,0.8447518,1,1,1,0.386169,0.9190342,0.7479102,0
0.9825847,1,0.8459626,1,1,1,0.3760935,0.8908636,0.7531654,0
0.9785748,1,0.8472461,1,1,1,0.3663923,0.8646345,0.7587446,0
0.9748269,1,0.8488039,1,1,1,0.3569776,0.8397861,0.7647603,0
0.9713417,1,0.8505943,1,1,1,0.356441,0.8162777,1,0
0.9692708,1,0.8476305,1,1,1,0.3696204,0.814902,1,0
0.9672997,1,0.8443746,1,1,1,0.3830331,0.8239127,1,0
0.965448,1,0.8406618,1,1,1,0.396233,0.8323997,1,0
0.9636952,1,1,1,1,1,0.4091332,0.8403517,1,0
0.9616339,1,1,1,1,1,0.4275143,0.8515725,1,0
0.9596843,1,1,1,1,1,0.5981972,0.3807223,1,0
0.9569376,1,1,1,1,1,0.5884612,0.3662696,1,0
0.9544494,1,1,1,1,1,0.5791101,0.3525248,1,0
0.9522017,1,1,0.8272702,1,1,0.6218385,0.3394379,1,0
0.9502423,1,1,0.7954983,1,1,0.6784437,0.3277332,1,0
0.9484122,1,1,0.7681529,1,1,1,0.316703,1,0
0.9466612,1,1,0.7474313,1,1,1,0.3066458,1,0
0.9449382,1,1,0.7283211,1,1,1,0.2968901,1,0
0.9432318,1,1,0.710632,1,1,1,0.2874084,1,0
0.9415321,1,1,0.6996498,1,1,1,0.2781757,1,0
0.939834,1,1,0.6954804,1,1,1,0.269152,1,0
0.9381362,1,1,0.6912493,1,1,1,0.2603022,1,0
0.936434,1,1,0.6869501,1,1,1,0.2615013,1,0
0.9347113,1,1,0.6824957,1,1,1,0.2688068,0.852814,0
0.9332838,1,1,0.6798002,1,1,1,0.2785718,0.8269472,0
0.9319168,1,1,0.6772279,1,1,1,0.2889694,0.8020246,0
1,1,1,0.6747607,1,1,1,0.3000195,0.3230051,0
1,1,1,0.6761717,1,1,1,0.3171407,0.3037221,0
1,1,1,0.6779851,0.7468184,1,1,0.3361008,0.2856965,0
1,1,1,0.6802191,0.7055987,1,1,0.5066115,0.2688148,0
1,1,1,0.6823676,0.6695163,1,1,0.4953406,0.2532873,0
1,1,1,0.6843511,0.6377267,1,1,0.4847578,0.2389434,0
1,1,1,1,0.6131904,1,1,0.4747877,0.2256237,0
1,1,1,1,0.6134728,1,1,0.480581,0.2305788,0
1,1,1,1,0.6141135,1,1,0.5180581,0.2401031,0
1,1,1,1,0.615126,1,1,0.5607492,0.2503175,0
1,1,1,1,0.6158497,1,1,1,0.2607778,0
1,1,1,1,0.6140915,0.6780166,1,1,0.2697946,0
1,1,1,1,0.6099748,0.6588992,1,1,0.2772528,0
1,1,1,1,0.6054957,0.6416326,1,1,0.2845728,0
1,1,1,1,0.6006714,0.6259514,1,1,0.2917391,1
1,1,1,1,0.5955207,0.6116378,1,1,0.2987393,1
1,1,1,1,0.5900635,0.5985113,1,1,0.5044779,1
1,1,1,1,0.582132,0.5935522,1,1,0.498564,1
1,1,1,1,0.5742385,0.5885293,1,1,0.4925939,1
1,1,1,1,0.5663835,0.5834361,1,1,0.4865658,1
1,1,1,1,0.5585676,0.5782668,1,1,0.4804779,1
1,1,1,1,0.5507907,0.5730156,1,1,0.4743292,1
1,1,1,1,0.5430532,0.5676775,1,1,0.4681183,1
1,1,1,1,0.5353549,0.5622474,1,1,0.4618443,1
1,1,1,1,0.5276957,0.5567207,1,1,0.4555064,1
1,1,1,1,0.5200753,0.5510934,1,1,0.449104,1
1,1,1,1,0.5124931,0.5453613,1,1,0.4426365,1
1,1,1,1,0.5049487,0.5395213,1,1,0.4361039,1
1,1,1,1,0.4974417,0.5335705,1,1,0.4295058,1
0.8644875,1,1,1,0.4899711,0.527506,1,1,0.4228424,2
0.8587237,1,1,1,0.4808846,0.528464,1,1,0.4181994,2
0.8531204,1,0.993664,1,0.4719227,0.5294372,1,1,0.4134236,2
0.847622,1,0.9718906,1,0.463021,0.5307153,1,1,0.4085945,2
0.8421139,1,0.954465,1,0.4540409,0.5330598,1,1,0.4039102,2
0.8366587,1,0.9562827,1,0.4450495,0.5362664,1,1,0.3992878,2
0.8314142,1,0.9580368,0.4918984,0.436231,0.5393288,1,1,0.3944435,2
0.8238978,1,0.9688815,0.476197,0.4245633,1,1,1,0.3945685,2
0.818003,1,0.9758988,0.4633351,0.4146109,1,1,1,0.392112,2
0.8871028,1,0.9831197,0.450925,0.4049225,1,1,1,0.3894378,2
1,1,0.9880021,0.4399301,0.3960846,1,1,1,0.3851598,2
1,1,0.9889393,0.4307098,0.3883156,1,1,1,0.3802189,2
1,1,1,0.4216084,0.3806137,1,1,1,0.3821383,2
1,1,1,0.4126522,0.3759229,1,1,1,0.3840971,2
1,1,1,0.4037446,0.3736516,1,1,1,0.385994,2
1,1,1,0.3949,0.3714066,1,1,1,0.3878469,2
1,1,1,0.3861187,0.3691832,1,1,1,0.3896585,2
1,1,1,0.3774004,0.3669767,1,1,1,0.3914316,2
1,1,1,0.3687448,0.3647832,1,1,1,0.3931686,2
1,1,1,0.3601514,0.3625984,1,1,1,0.3948719,2
1,1,1,0.3516192,0.3604188,1,1,1,0.3965432,2
1,1,1,0.3431477,0.3582408,1,1,1,0.3981847,2
1,1,1,0.3347353,0.3560612,1,1,1,0.399798,2
1,1,1,0.3263811,0.3538767,1,0.9980996,1,0.4013849,2
1,1,1,0.3180843,0.3516807,1,0.9540834,1,0.4029478,2
1,1,0.9889933,0.3098634,0.3493771,1,0.9189755,1,0.4045196,2
1,1,0.9748136,0.3016502,0.347278,1,0.8860378,1,0.4059957,2
1,1,0.960544,0.2934366,0.3454499,1,0.8543327,1,0.4073578,2
1,1,0.3506231,0.2852334,0.3438678,1,0.8420236,1,0.4086187,2
1,1,0.334591,0.2746046,0.3576964,1,0.8372772,1,0.4053591,2
1,1,0.3192838,0.264291,0.3738777,1,0.8328339,1,0.4022088,2
1,1,0.3048184,0.2543552,1,1,0.8286196,1,0.3993207,2
1,0.9146701,0.2932741,0.2536038,1,1,0.8235211,1,0.3987551,2
1,0.871004,0.2812917,0.2568958,1,1,0.8188599,1,0.3974931,2
1,0.8285729,0.2694256,0.2611466,1,1,0.8144367,1,0.3960294,2
1,0.7884794,0.2577356,0.2663945,1,1,0.8102512,1,0.3944173,2
1,0.7931845,0.2462743,0.2726612,1,1,0.8062916,1,0.3927128,2
1,0.7977263,0.2353603,0.2788486,1,1,0.8022473,1,0.3912882,2
1,0.8020791,0.2249119,0.2849182,1,1,0.798093,1,0.3901024,2
1,0.8062246,0.2148605,0.290835,1,1,0.7938098,1,0.3891207,2
1,0.8101506,0.2051487,0.2965688,1,1,0.7893852,1,0.3883137,2
1,0.8138504,0.1957279,0.3020932,1,1,0.7848118,1,0.3876561,2
1,0.8173212,0.1865572,1,1,1,0.7800857,1,0.3871269,1
1,0.8158218,0.1787105,1,1,1,0.7730795,1,0.388343,1
1,0.8144359,0.1737878,1,1,1,0.7661287,1,0.3895228,1
1,0.2613375,0.1718911,1,1,1,0.7592127,1,0.3906792,2
0.9806186,0.2408438,0.1754598,1,1,1,1,1,0.388372,2
0.9827234,0.2211859,0.179985,1,1,1,1,1,0.3858952,2
0.9854147,0.2028019,0.1851882,1,1,1,1,1,0.3834786,2
0.9887012,0.1855636,0.1911495,1,1,1,1,1,0.3811188,2
0.9923964,0.1695592,0.1976167,1,1,0.7516594,1,1,0.3789279,2
1,0.1548901,0.2040153,1,1,0.6961413,1,1,0.3770536,2
1,0.1411894,0.2105069,1,1,0.6910903,1,1,0.3753749,2
1,0.1282037,0.217306,1,1,0.6860812,1,1,0.3737988,2
0.8233218,0.1217485,0.2243949,1,1,0.6810885,1,1,0.3723095,2
0.7448858,0.1242456,1,1,1,0.6770626,1,1,0.3702373,2
0.2080617,0.1256473,1,1,1,0.6715636,1,1,0.3691862,2
0.1742199,0.1287051,1,1,1,0.6679748,1,1,0.3671194,2
0.1444452,0.1321415,1,1,1,0.6646547,1,1,0.3650889,2
0.11804,0.1359831,1,1,1,0.6616043,1,1,0.3630924,2
0.1029212,0.1402602,1,1,0.716379,0.658826,1,1,0.3611279,2
0.1048936,0.1450067,1,1,0.6295092,0.6563223,1,1,0.3591934,2
0.1071002,0.1502606,1,1,0.6249357,0.6540966,1,1,0.3572869,2
0.1095497,0.1560647,1,1,0.6206301,1,1,1,0.3554066,2
0.1122514,0.1624676,1,1,0.6165915,1,1,1,0.3535508,2
0.1152159,0.169524,1,1,0.6128197,1,1,1,0.3517176,2
0.1184545,1,1,1,0.6093153,1,1,1,0.3499054,1
0.1204237,1,1,1,0.6027848,1,1,1,0.3482381,1
0.1223831,1,1,1,0.5962157,1,1,1,0.3465677,1
0.1243305,1,1,1,0.5896101,1,1,1,0.3448956,1
0.126264,1,1,1,0.5829697,1,1,1,1,2
0.1299096,1,1,1,0.5796127,1,1,1,1,2
0.1338628,1,1,0.5933584,0.5765125,1,1,1,0.373868,1
0.1359067,1,1,0.5902179,0.5693856,1,1,1,1,2
0.1401754,1,1,0.544079,0.5664624,1,1,1,0.8674449,2
0.7041258,1,1,0.5390228,0.5629058,1,1,1,0.4627414,0
0.6969103,1,1,0.5309669,0.5523502,1,1,1,1,1
0.7003934,1,1,0.5247307,0.546098,1,1,1,1,1
0.7037495,1,1,0.5184728,0.5397838,1,1,1,1,1
0.7069805,1,1,0.5121934,0.5334108,1,1,1,1,1
0.7100877,1,1,0.5058929,0.5269821,1,1,1,1,1
0.7130734,1,1,0.4995722,0.5205009,1,1,1,1,1
0.7159404,1,1,0.4932319,0.5139704,1,1,1,1,1
0.7186917,1,1,0.4868732,0.5073945,1,1,1,1,1
0.7213308,1,1,0.4804969,0.5007762,1,1,1,1,1
0.7238612,1,1,0.4741042,0.4941188,1,1,1,1,1
0.7262868,1,1,0.4676962,0.4874258,1,1,1,1,1
0.7286118,1,1,0.4612741,0.4807005,1,1,1,1,1
0.7308403,1,1,0.4548392,0.4739459,1,1,1,1,1
1,1,1,0.4483925,0.4671651,1,1,1,1,0
0.7305216,1,1,0.4413441,0.4589534,1,1,1,1,1
1,1,1,0.4349066,0.4522225,1,1,1,1,0
1,1,1,0.4279246,0.4441434,1,1,1,1,0
1,1,1,0.4209996,0.4361805,1,1,1,1,0
1,1,1,0.4141257,0.4283253,1,1,1,1,0
1,1,1,0.4072977,0.4205701,1,1,1,1,0
1,1,1,0.4005106,0.4129073,1,1,1,1,0
1,1,1,0.3937596,0.40533,1,1,1,0.7449696,0
0.7153819,1,1,0.3867619,0.3967856,1,1,1,0.7437127,0
0.714188,1,1,0.3800968,0.3894229,1,1,1,0.7424107,0
0.7131141,1,1,0.3947949,0.3821247,1,1,1,0.7411864,0
1,1,1,0.4308214,0.3748885,0.3956016,1,1,0.7400309,0
0.7061724,1,1,1,0.3666305,0.3853473,1,1,0.739723,0
0.7027697,1,1,1,0.3590165,0.3763511,1,1,0.7393702,0
0.6996787,1,1,1,0.3515367,0.3675963,1,1,0.739196,0
0.696869,1,1,1,0.344174,0.3590574,1,1,0.7391769,0
0.6943133,1,1,1,0.3369139,0.3507119,1,1,1,1
0.6951901,1,1,1,0.3302285,0.3437274,1,1,1,1
0.6960222,1,1,1,0.3235372,0.3367291,1,1,1,1
0.6968114,1,1,1,0.3168409,0.3297193,1,1,1,1
1,1,1,1,0.3101401,0.3226995,1,1,1,0
1,1,1,1,0.3029658,0.3145078,1,1,1,0
1,1,1,1,0.295871,0.3064699,1,1,1,0
0.6899758,1,1,1,0.2888455,0.2985703,1,1,1,1
1,1,1,1,0.2822143,0.2917805,1,1,1,0
1,1,1,1,0.2752479,0.2840067,1,1,1,0
1,1,1,1,0.2683348,0.276347,1,1,1,0
1,1,1,1,0.2614676,0.2687894,1,1,1,0
1,1,1,1,0.2546399,0.2613238,1,1,1,0
1,1,1,1,0.2478459,0.2539408,0.2800935,1,1,0
0.677137,1,1,1,0.2409704,0.2459781,0.2696219,1,1,0
0.6756576,1,1,1,0.2342534,0.2387765,0.2610997,1,1,0
0.6742926,1,1,1,0.2275552,0.2316394,0.2527352,1,1,0
1,1,1,1,0.2208716,0.2245586,0.2445102,1,1,0
0.6694409,1,1,1,1,0.2170392,0.2349806,1,1,0
0.6684698,1,1,1,1,0.2101148,0.2271545,1,1,0
1,1,1,1,1,0.2032132,0.219388,1,1,0
0.6643962,1,1,1,1,0.1959603,0.2104651,1,1,1
0.6635726,1,1,1,1,0.1891515,0.20295,1,1,1
1,1,1,1,1,0.1823549,0.1954693,1,1,0
0.6599516,1,1,1,1,0.1752915,0.186998,1,1,1
1,1,1,1,1,0.1685593,0.1797067,1,1,0
0.6566406,1,1,1,1,0.1616162,0.1715325,1,1,1
1,1,1,1,1,0.1549302,0.164388,1,1,0
1,1,1,1,1,0.1480816,0.1564607,1,1,0
0.6513263,1,1,1,1,0.1413011,0.1487099,0.1943787,1,0
0.6485379,1,1,1,1,0.1613314,0.1407898,0.1817051,1,0
0.6459391,1,1,1,1,1,0.1330694,0.1696685,1,0
0.6436363,1,1,1,1,1,0.1255957,0.1584649,1,0
0.6414785,1,1,1,1,1,0.118283,0.1477801,1,0
0.6394398,1,1,1,1,1,0.1111132,0.137554,1,0
0.6374965,1,1,1,1,1,0.1040695,0.1277336,1,0
0.6356275,1,1,1,1,1,0.09713796,0.1182733,1,0
0.6338139,1,1,1,1,1,0.09030523,0.1091322,1,0
0.632039,1,1,1,1,1,0.1039623,0.1002752,0.1636926,0
0.6303411,1,1,1,1,1,0.1309239,0.09117957,0.1457655,0
0.6287844,1,1,1,1,1,0.1676583,0.08242165,0.1291657,0
0.627368,1,1,1,1,1,1,0.07398004,0.113752,0
0.6260911,1,1,1,1,1,1,0.06583571,0.09940309,0
0.6249532,1,1,1,1,1,1,0.05901934,0.0860132,0
0.6239542,1,1,1,1,1,1,0.06685416,0.07349054,0
0.6230943,1,1,1,1,1,1,0.07566271,0.06175438,0
0.6223738,1,1,1,1,1,1,0.08558117,0.05073417,0
0.6217937,1,1,1,1,1,1,0.09677323,0.05215395,0
0.6213551,1,1,1,1,1,1,0.109437,0.05724641,0
0.6210592,1,1,1,1,1,1,0.1238153,0.0627317,0
0.6209082,1,1,1,1,1,1,0.1402076,0.06863828,0
0.620904,1,1,1,1,1,1,0.556195,0.07499787,0
0.9082338,1,1,1,1,1,1,0.5468853,0.0815497,0
0.8676407,1,1,1,1,1,1,0.5374242,0.08886208,0
0.8320815,1,1,1,1,1,1,0.5785502,0.09674104,0
0.8079826,1,1,1,1,1,1,0.6403663,0.1052357,0
0.8099793,1,1,1,1,1,1,1,0.1142773,0
0.810736,1,1,1,1,1,1,1,0.123251,0
0.8114025,1,1,1,1,1,1,1,1,2
0.8044444,1,1,1,1,1,1,1,1,2
0.7995494,1,1,1,1,1,1,1,1,2
0.6023805,1,1,1,1,1,1,1,1,2
0.5944918,1,1,1,1,1,1,1,1,2
0.5868418,1,1,1,1,1,1,1,1,2
0.5794409,1,1,1,1,1,1,1,1,2
0.5722989,1,1,1,1,1,1,1,1,2
0.5654255,1,1,1,1,1,1,1,1,2
0.5588294,1,1,1,1,1,1,1,1,2
0.552519,1,1,1,1,1,1,1,1,2
0.5583301,1,1,1,1,1,1,1,1,2
0.6259788,1,1,1,1,1,1,0.5889219,1,2
1,1,1,1,1,1,1,0.5843065,1,0
1,1,1,1,1,1,1,1,1,1
1,1,1,1,1,1,1,1,1,1
1,1,1,1,1,1,1,1,1,1
1,1,1,1,1,1,1,1,1,1
1,1,1,1,1,1,1,1,1,1
1,1,1,1,1,1,1,1,1,1
1,1,1,1,1,1,1,1,1,1
1,1,1,1,1,1,1,1,1,1
1,1,1,1,1,1,1,1,1,1
1,1,1,1,1,1,1,1,0.5201789,0
1,1,1,1,1,1,1,1,0.5038502,0
1,1,1,1,1,1,1,1,0.4880434,0
1,1,1,1,1,1,1,1,0.4727668,0
1,1,1,1,1,1,1,1,0.4580236,0
1,1,1,1,1,1,1,1,0.4438129,0
1,1,1,1,1,1,1,1,0.4301305,0
1,1,1,1,1,1,1,1,0.4245691,0
1,1,1,1,1,1,1,1,0.4385449,0
1,1,1,1,1,1,1,1,0.4529257,0
1,1,1,1,1,1,1,1,0.467693,0
1,1,1,1,1,1,1,1,0.4828261,0
1,1,1,1,1,1,1,1,0.4983025,0
1,1,1,1,1,1,1,1,0.5140984,0
1,1,1,1,1,1,1,1,1,1
1,1,1,1,1,1,1,1,1,1
1,1,1,1,1,1,1,1,1,1
1,1,1,1,1,1,1,1,1,1
1,1,1,1,1,1,1,1,1,1
1,1,1,1,1,1,1,1,1,1
1,1,1,1,1,1,1,1,1,1
1,1,1,1,1,1,1,1,1,1
1,1,1,1,1,1,1,1,1,1
1,1,1,1,1,1,1,1,1,1
1,1,1,1,1,1,1,1,1,1
1,1,1,1,1,1,1,1,1,1
1,1,1,1,1,1,1,1,1,1
1,1,1,1,1,1,1,1,1,1
1,1,1,1,1,1,1,1,1,1
1,1,1,1,1,1,1,1,1,1
1,1,1,1,1,1,1,1,1,1
1,1,1,1,1,1,1,1,1,1
1,1,1,1,1,1,1,1,1,1
1,1,1,1,1,1,1,1,1,1
1,1,1,1,1,1,1,1,1,1
1,1,1,1,1,1,1,1,1,1
1,1,1,1,1,1,1,1,1,1
1,1,1,1,1,1,1,1,1,1
1,1,1,1,1,1,1,1,1,1
1,1,1,1,1,1,1,1,1,1
1,1,1,1,1,1,1,1,1,1
0.7207965,0.8076311,0.3143438,1,1,1,0.6030132,0.5248111,1,2
0.7222854,0.8127166,0.3059504,1,1,1,0.5935805,0.5189886,1,2
0.7236816,0.8173388,0.3005365,1,1,1,0.5854427,0.5125313,1,2
0.7249687,0.82147,0.3046292,1,1,1,0.5784867,0.5054461,1,2
0.7261086,0.8250064,0.3082317,1,1,1,0.5727472,0.4976779,1,1
0.7271036,0.8279813,0.311352,1,1,1,0.5680571,0.4892927,1,1
0.727959,0.8304304,0.314005,1,1,1,0.5642796,0.480356,1,1
0.8307908,0.8323902,0.3162095,1,1,1,0.5613011,0.4709312,1,1
0.8303773,0.8308093,0.3148891,1,1,1,0.5636238,0.4586813,1,1
0.8299233,0.338816,0.3134596,1,1,1,0.5661408,0.4464463,1,2
0.8334153,0.3241829,0.3236289,1,1,1,0.5516304,0.4428316,1,2
1,0.310417,0.333672,1,1,1,0.5389851,0.4384573,1,1
1,0.2994429,0.3378082,1,1,1,0.5344077,0.4295524,1,1
1,0.2886872,0.3417367,1,1,1,0.5302543,0.420843,1,1
1,0.2781205,0.3454664,1,1,1,0.526473,0.419398,1,1
1,0.2676505,1,1,1,1,0.5227872,0.417968,1,0
1,0.2599531,1,1,1,1,0.5575818,0.4196839,1,0
1,0.251781,1,1,1,1,0.5483373,0.4210544,1,0
1,0.2434044,1,1,1,1,0.5392814,0.422362,1,0
1,0.2348313,1,1,1,1,0.5304009,0.4236012,1,0
1,0.2260703,1,1,1,1,0.5216827,0.4247672,1,1
1,0.2171309,1,1,1,1,0.513115,0.4258557,1,1
1,0.2080236,1,1,1,1,0.5046863,0.4268633,1,1
1,0.1987592,1,1,1,1,0.4963861,0.4277874,1,1
1,0.1893489,1,1,1,1,0.4882042,0.4286259,1,1
1,0.1798046,1,1,1,1,0.4801313,0.4293773,1,1
1,0.1714462,1,1,1,1,0.4721586,0.4214171,1,1
1,0.1712324,1,1,1,1,0.464205,0.4096206,1,1
1,0.1709394,1,1,1,1,0.4561871,0.3977068,1,1
1,0.1705689,1,1,1,1,0.4481162,0.3857059,1,1
1,0.1701229,1,1,1,1,0.4416428,0.3736463,1,1
1,0.1696082,1,1,1,1,0.4451135,0.3615677,1,1
1,0.1690539,1,1,1,1,0.4487882,0.3495665,0.4774666,0
1,0.165988,1,1,1,1,0.4704379,0.3310437,0.4193121,0
1,0.162919,1,1,1,1,0.494835,0.3372316,0.3691327,0
0.2632454,0.1598445,1,1,1,1,0.522439,0.3444896,0.3535139,2
0.2228975,0.1600505,1,1,1,1,0.5158271,0.3431258,0.3532349,2
0.1838343,0.1604502,1,1,1,1,0.5079591,0.341386,0.3527985,2
0.1466215,0.161036,1,1,1,1,0.499175,0.3393391,0.3522282,2
0.1308674,0.1617979,1,1,1,1,0.4897945,0.3370541,0.351548,2
0.1309351,0.1626162,1,1,1,1,0.4809802,0.3348355,0.3508678,2
0.1310329,0.1634006,1,1,1,1,0.473361,0.3328669,0.3502545,2
0.1311558,0.164151,1,1,1,1,0.4667396,0.3311128,0.3496965,2
0.1312999,0.164868,1,1,1,1,0.4609582,0.3295435,0.3491846,2
0.1314615,0.1655525,1,1,1,1,0.4558894,0.3281344,0.3487114,2
0.1316379,0.1662058,1,1,1,1,0.4514285,0.3268645,0.3482708,1
0.1318264,0.1668291,1,1,1,1,0.4474897,0.3257161,0.3478578,1
0.132025,1,1,1,1,1,0.4440013,0.3246742,0.3474684,0
0.1312118,1,1,1,1,1,1,0.3305344,0.3495048,0
0.1306508,1,1,1,1,1,1,0.3342832,0.350897,0
0.1300516,1,1,1,1,1,1,0.3380794,0.3523663,0
0.1294152,1,1,1,1,1,1,0.3419115,0.3249018,0
0.1287035,1,1,1,1,1,1,0.3659974,0.2922794,0
0.1279298,1,1,1,1,1,1,0.3519419,0.2668828,0
0.1270683,1,1,1,1,1,1,0.3379434,0.2686573,0
0.1261498,1,1,1,1,1,1,0.3244112,0.2705663,0
0.1251752,1,1,1,1,1,1,0.3113244,0.2726061,0
0.1241454,1,1,1,1,1,1,0.2986617,0.2747729,0
0.1230614,1,1,1,1,1,1,0.2913862,0.2770624,0
0.1219268,1,1,1,1,1,1,0.2965675,0.2794523,0
0.1207492,1,1,1,1,1,1,0.3017828,0.2818914,0
0.1195296,1,1,1,1,1,1,0.3070167,0.2843704,0
0.9917783,1,1,1,1,1,1,0.3122538,0.2868804,0
0.9888664,0.8811095,1,1,1,1,1,0.3223501,0.2911987,0
0.9862592,0.869634,1,1,1,1,1,0.3333541,0.2958895,0
0.9839531,0.8586332,1,1,1,1,1,0.3453512,0.3461771,0
1,0.8480825,1,1,1,1,1,1,0.3204071,0
1,0.8387164,1,1,1,1,1,1,0.2976447,0
1,0.8296261,1,1,1,1,1,1,0.2763954,0
1,0.8208312,1,1,1,1,1,1,0.2565552,0
1,0.8123438,0.9308707,1,1,1,1,1,0.2596248,0
1,0.8049915,0.9123512,1,1,1,1,1,0.2653524,0
1,0.7982267,0.8957484,1,1,1,1,1,0.2711238,0
1,0.7919614,0.8807842,1,1,1,1,1,0.2769174,0
1,0.7861227,0.8672308,1,1,1,1,1,0.282713,0
1,0.7806499,0.8549007,1,1,1,1,1,0.2884922,0
1,0.775492,0.8436375,1,1,1,1,1,0.294238,0
1,0.7720217,0.8333105,1,1,1,1,1,0.299935,0
1,0.7723737,0.823769,1,1,1,1,1,0.3055839,0
1,0.7709005,0.8148247,1,1,1,1,1,0.3112125,0
1,0.76732,0.806468,1,1,1,1,1,0.3167902,0
1,0.7613258,0.7986984,1,1,1,1,1,1,2
1,0.7532405,0.8058537,1,1,1,1,1,1,2
1,0.75384,0.8135313,1,1,1,1,1,1,2
1,0.7546534,0.8214816,1,1,1,1,1,1,2
0.5641345,0.7556639,0.829684,1,1,1,1,1,1,2
0.5603837,0.758442,1,1,1,1,1,1,1,2
0.557026,0.7617356,1,1,1,1,1,1,1,2
0.554056,1,1,1,1,1,1,1,1,2
0.5515082,1,1,1,1,1,1,1,1,2
0.5492742,1,1,1,1,1,1,1,1,2
0.5473564,1,1,1,1,1,1,1,1,2
0.5457569,1,1,1,1,1,1,1,1,2
1,1,1,1,1,1,1,1,1,1
1,1,1,1,1,1,1,1,1,1
1,1,1,1,1,1,1,1,1,1
1,1,1,1,1,1,1,1,1,1
1,1,1,1,1,1,1,1,1,1
1,1,1,1,1,1,1,1,1,1
1,0.8004033,1,1,1,1,1,1,1,2
1,0.7746171,1,1,1,1,1,1,1,2
1,0.7482558,1,1,1,1,0.9962634,1,1,2
1,0.72153,1,1,1,1,0.9917011,1,1,2
0.6906837,0.6946164,1,1,1,1,0.9874085,1,1,2
0.6906646,0.6667007,1,1,1,1,0.9859622,1,1,2
0.6910877,0.6738539,1,1,1,1,0.984911,1,1,2
0.6919561,0.6816548,1,1,1,1,0.9842608,1,1,2
0.6932738,0.6901363,1,1,1,1,0.984019,1,1,2
0.6950461,0.6993342,1,1,1,1,0.9841937,1,1,2
0.6972792,0.7092883,1,1,1,1,0.9847943,1,1,2
1,1,1,1,1,1,1,1,1,1
1,1,1,1,1,1,1,1,1,1
1,1,1,1,1,1,1,1,1,1
1,1,1,1,1,1,1,1,1,1
1,1,1,1,1,1,1,1,1,1
1,1,1,1,1,1,0.9498499,1,1,1
1,1,1,1,1,1,0.9423467,1,1,1
1,1,1,1,1,1,0.9348046,1,1,1
1,1,1,1,1,1,0.9272249,1,1,1
1,1,1,1,1,1,0.9196094,1,1,1
1,1,1,1,1,1,0.9119599,1,1,1
1,1,1,1,1,1,0.9042779,1,1,1
1,1,1,1,1,1,0.8965653,1,1,1
1,1,1,1,1,1,0.8888241,1,1,1
1,1,1,1,1,1,0.8810561,1,1,1
1,1,1,1,1,1,0.8732635,1,1,1
1,1,1,1,1,1,0.8654481,1,1,1
1,1,1,1,1,1,0.8576122,1,1,1
1,1,1,1,1,1,0.8497577,1,1,1
1,1,1,1,1,1,0.8418869,1,1,1
1,1,1,1,1,1,0.834002,1,1,1
1,1,1,1,1,1,0.8261051,1,1,1
1,1,1,1,1,1,0.8181983,1,1,1
1,1,1,1,1,1,0.8102839,1,1,1
1,1,1,1,1,1,0.8023641,1,1,1
0.6977172,0.9985159,1,1,1,1,0.7944407,1,1,2
0.6264939,1,1,1,1,1,0.7901633,1,1,2
0.5732538,1,1,1,1,1,0.786755,1,1,2
0.5746311,1,1,1,1,1,0.784064,1,1,2
0.5761941,1,1,1,1,1,0.7814083,1,1,2
0.5779353,1,1,1,1,1,0.7787765,1,1,2
0.5798464,1,1,1,1,1,0.7761568,1,1,2
0.5819198,1,1,1,1,1,0.7735376,1,1,2
0.5841473,1,1,1,1,1,0.7709073,1,1,2
0.5865204,1,1,1,1,1,0.7682543,1,1,2
0.589031,1,1,1,1,1,0.7655671,1,1,2
1,1,1,1,1,1,0.7628342,1,1,0
1,1,1,1,1,1,0.7534022,1,1,0
1,1,1,1,1,1,0.7439758,1,1,0
1,1,1,1,1,1,0.7345599,1,1,0
1,1,1,1,1,1,0.7251594,1,1,0
1,1,1,1,1,1,0.7157789,1,1,0
1,1,1,1,1,1,0.706423,1,1,0
1,1,1,1,1,1,0.697096,1,1,0
1,1,1,1,1,1,0.6878018,1,1,0
1,1,1,1,1,1,0.6785445,1,1,0
1,1,1,1,1,1,0.6693276,1,1,0
1,1,1,1,1,1,0.6601544,1,1,0
1,1,1,1,1,1,0.6510282,0.7098766,1,0
1,1,1,1,1,1,0.6393394,0.6874271,1,0
1,1,1,1,1,1,0.6278069,0.6654848,1,0
1,1,1,1,1,1,0.6415901,0.6441187,1,0
1,1,1,1,1,1,0.6706213,0.6236332,1,0
1,1,1,1,1,1,0.7023634,0.6041344,1,0
1,1,1,1,1,1,1,0.602638,1,0
1,1,1,1,1,1,1,0.6111259,1,0
1,1,1,1,1,1,1,0.6197585,1,0
1,1,1,1,1,1,1,0.628524,1,0
1,1,1,1,1,1,1,0.6374104,1,0
1,1,1,1,1,1,1,0.6464056,1,0
1,1,1,1,1,1,1,0.6554976,1,0
1,1,1,1,1,1,1,1,1,1
1,1,1,1,1,1,1,1,1,1
1,1,1,1,1,1,1,1,1,1
1,1,1,1,1,1,1,1,1,1
1,1,1,1,1,1,1,1,1,1
1,1,1,1,1,1,1,1,1,1
1,1,1,1,1,1,1,1,1,1
1,1,1,1,1,1,1,0.5993121,1,0
1,1,1,1,1,1,1,0.5855976,1,0
1,1,1,1,1,1,1,0.5721037,1,0
1,1,1,1,1,1,1,0.5588421,1,0
1,1,1,1,1,1,1,0.545822,1,0
1,1,1,1,1,1,1,0.5330511,0.6237811,0
1,1,1,1,1,1,1,0.5170987,0.5876281,0
1,1,1,1,1,1,1,0.5018816,0.5543636,0
1,1,1,1,1,1,1,0.4905498,0.5259465,0
1,1,1,1,1,1,1,0.5109912,0.53554,0
1,1,1,1,1,1,1,0.5333552,0.545799,0
1,1,1,1,1,1,1,0.5578739,0.5567611,0
1,1,1,1,1,1,1,0.584818,0.5684679,0
1,1,1,1,1,1,1,0.9401777,0.5809653,0
1,1,1,1,1,1,1,0.9466259,0.5913788,0
1,1,1,1,1,1,1,0.9715452,1,1
1,1,1,1,1,1,1,0.9791294,1,1
1,1,1,1,1,1,1,0.9864504,1,1
1,1,1,1,1,1,1,0.9935103,0.5430054,0
1,1,1,1,1,1,1,1,0.5243248,0
1,1,1,1,1,1,1,1,0.5062906,0
1,1,1,1,1,1,0.9407135,1,0.4888488,0
1,1,1,1,1,1,0.9355623,1,0.4720648,0
1,0.7599152,1,1,1,1,0.9307002,1,0.455911,0
1,0.7556807,1,1,1,1,0.9253266,1,0.4447387,0
1,0.7514473,1,1,1,1,0.9200057,1,0.4440452,0
1,0.747257,1,1,1,1,0.9147094,1,0.4514753,0
1,0.743137,1,1,1,1,0.9094101,1,0.4588025,0
1,0.7390802,1,1,1,1,0.9041001,1,0.4660131,0
1,1,1,1,1,1,0.8987728,1,0.4730948,0
1,0.7298908,1,1,1,1,0.8945998,1,0.4857297,1
1,0.7260094,1,1,1,1,0.8892368,1,0.4924883,1
1,1,1,1,1,1,0.8838366,1,0.4990746,0
1,0.7172365,1,1,1,1,1,1,0.5120262,1
1,1,1,1,1,1,1,1,0.5185803,0
1,0.7085705,1,1,1,1,1,1,0.8260982,2
1,1,1,1,1,1,1,1,0.8240262,0
1,1,1,1,1,1,1,1,0.8131219,0
1,1,1,1,1,1,1,1,0.8021643,0
1,1,1,1,1,1,1,1,0.791169,0
1,1,1,1,1,1,1,1,0.7981055,0
1,1,1,1,1,1,1,1,0.8092539,0
1,1,1,1,1,1,1,1,0.820285,0
1,1,1,1,1,1,1,1,0.8311861,0
1,1,1,1,1,1,1,1,0.841944,1
1,1,1,1,1,1,1,1,0.8525482,1
1,1,1,1,1,1,1,1,0.8557476,1
1,1,1,1,1,1,1,1,0.8464754,1
1,1,1,1,1,1,1,1,0.85721,1
1,1,1,1,1,1,1,1,0.8677688,1
1,1,1,1,1,1,1,1,0.8781417,1
1,1,1,1,1,1,1,1,0.8883194,1
1,1,1,1,1,1,1,1,0.8982936,1
1,1,1,1,1,1,1,1,0.908057,1
1,1,1,1,1,1,1,1,0.9176031,1
1,1,1,1,1,1,1,1,0.9269263,1
1,1,1,1,1,1,1,1,0.9360207,1
1,1,1,1,1,0.9974412,1,1,1,1
1,1,1,1,1,0.9914672,1,1,1,1
1,1,1,1,1,0.9854306,1,1,1,1
1,1,1,1,1,0.9793316,1,1,1,1
1,1,1,1,1,0.9731704,1,1,1,1
1,1,1,1,1,0.9669473,1,1,1,1
1,1,1,1,1,0.9606626,1,1,1,1
1,1,1,1,1,0.954317,1,1,1,1
1,1,1,1,1,0.947911,1,1,1,1
1,1,1,1,1,0.9414455,1,1,1,1
1,1,1,1,1,0.9349213,1,1,1,1
1,1,1,1,1,0.9283397,1,0.6999942,1,1
1,1,1,1,1,0.9230103,1,0.6944064,1,1
0.61275,1,1,1,1,0.9176452,1,0.6888389,1,2
0.6049308,1,1,1,1,0.9051118,1,0.685502,1,2
0.597307,1,1,1,1,0.892696,1,0.6822802,1,2
0.5898936,1,1,1,1,0.8908837,1,0.679177,1,2
0.582742,1,1,1,1,0.9102964,1,1,1,2
0.5752434,1,1,1,1,0.938626,1,1,1,2
0.5681497,1,1,1,0.9232366,0.9696681,1,1,1,2
0.5611718,1,1,1,0.9054325,1,1,1,1,2
0.5756044,1,0.9749675,1,0.8881873,1,1,1,1,2
0.6461389,1,0.9374079,1,0.8712707,1,1,1,1,2
1,1,0.9072469,1,0.8555896,1,1,1,0.8976553,1
1,1,0.9052677,1,0.8476521,1,1,1,0.8995609,1
1,1,0.9034819,1,0.8396238,1,1,1,1,2
1,1,0.9040226,1,0.8301967,1,1,1,1,2
1,1,0.9047314,1,0.8207967,1,1,1,1,2
1,1,0.9056054,1,0.8114299,1,1,1,1,2
1,1,0.9066418,1,0.8021029,1,1,1,1,2
1,1,0.9078366,1,0.7928208,1,1,1,1,2
1,1,0.9091866,1,0.783589,1,1,1,1,2
1,1,0.9106876,1,0.783181,1,1,1,1,2
1,1,0.9122136,1,0.7879546,1,1,1,1,2
1,1,0.9136903,1,0.7926441,1,1,1,1,2
1,1,0.9151171,1,0.7972473,1,1,1,1,2
1,1,1,0.8127877,0.8017629,1,1,1,1,2
1,1,1,0.8013906,0.8094499,1,1,1,1,2
1,1,1,0.7901167,0.817639,1,1,1,1,2
1,1,1,0.7789702,0.8263347,1,1,1,1,2
1,1,1,0.7679545,0.8355415,1,1,1,1,2
1,1,1,0.757072,1,1,1,1,1,2
1,1,1,0.7473882,1,1,1,1,1,2
1,1,1,0.7377003,1,1,1,1,1,2
1,1,1,0.7280141,1,1,1,1,1,2
1,0.9711643,1,0.7183358,1,1,1,1,1,2
1,0.9345987,1,0.7082089,1,1,1,1,1,2
1,0.8956743,1,0.697563,1,1,1,1,1,2
1,0.8548847,1,0.6864299,1,1,1,1,1,2
1,0.8427222,1,0.6748611,1,1,1,1,1,2
1,0.844942,1,0.6633232,1,1,1,1,1,2
1,0.8473867,1,0.6520233,1,1,1,1,0.8543946,2
1,0.8480386,1,0.6461601,1,1,1,1,0.8528423,2
1,0.8487469,1,0.6514707,1,1,1,1,1,2
1,0.8338726,1,0.6642649,1,1,1,1,0.8473365,2
1,0.8070594,1,0.6699452,1,1,1,1,0.846024,2
1,0.7798045,1,0.6770585,1,1,1,1,0.8443547,2
1,0.7523192,1,0.6856747,1,1,1,1,0.8423623,2
1,0.7248036,1,0.6958691,1,1,1,1,0.8400834,2
1,0.7196026,1,0.7077235,1,1,1,0.9355552,0.8375575,2
1,0.7208235,0.6598776,1,1,1,1,0.928802,0.8358976,2
1,0.7235558,0.6463035,1,1,1,0.8167927,0.9179875,0.832732,2
1,0.7255955,0.6340212,1,1,1,0.7929628,0.9099451,0.8305244,2
1,0.727537,0.6221899,1,1,1,0.7723531,0.902697,0.8285698,2
1,0.7293825,0.6107571,1,1,1,0.7543926,0.8961456,0.8268371,2
1,0.7311351,0.5996772,1,1,1,0.7386338,0.8902066,0.8252994,2
1,0.7327985,0.5889103,1,1,1,0.7247194,0.8848073,0.8239329,2
1,0.734377,0.5784217,1,1,1,0.7123634,0.8798845,0.8227171,2
1,0.7358751,0.5681815,1,1,1,0.7013317,0.8753833,0.8216336,2
1,0.7372977,0.558163,1,1,1,0.6914331,0.4394796,0.820667,0
1,0.7331058,0.552717,1,1,1,0.7108285,0.4281213,1,1
1,0.9946432,0.5445223,1,1,1,0.7125856,0.4196263,1,0
1,0.9882206,0.5397523,1,1,1,0.7382372,0.4077671,1,0
1,0.9822854,0.5347151,1,1,1,1,0.396365,1,0
1,0.9782926,0.5284426,1,1,1,1,0.3862151,1,0
1,0.9744138,0.5220782,1,1,1,1,0.3762187,1,0
1,0.9706459,0.515621,1,1,1,1,0.3663681,1,1
1,0.9669864,0.5090708,1,1,1,1,0.3566558,1,1
1,0.9634324,0.5024279,1,1,1,1,0.3470746,1,1
1,0.9599812,0.4956926,1,1,1,1,0.3376171,1,1
1,0.9566299,0.4888657,1,1,1,1,0.3282765,1,1
1,0.9533753,0.4819482,1,1,1,1,0.3190457,1,1
1,0.950215,0.4749416,1,1,1,1,0.3099184,1,1
1,0.9471455,0.4678477,1,1,1,1,0.3008882,1,1
1,0.9441643,0.4606684,1,1,1,1,0.2919491,1,1
1,0.9412686,0.453406,1,1,1,1,0.2945969,1,1
1,0.9386036,0.4459623,1,1,1,1,0.2977232,1,1
1,0.9361619,0.4383454,1,1,1,1,0.3007071,1,1
1,0.9339291,0.4305696,1,1,1,1,0.3035475,1,1
1,0.9318925,0.4226488,1,1,1,1,0.3062443,1,1
1,0.9300403,0.4145972,1,1,1,1,0.308798,1,1
0.7279062,1,0.4064279,1,1,1,1,0.3112102,1,2
0.7234971,1,0.3955072,1,1,1,1,0.3098803,1,2
0.7225418,1,0.3869373,1,1,1,1,0.3084958,1,2
0.7216929,1,0.3894665,1,1,1,1,0.3071418,1,2
0.7209282,1,0.3919349,1,1,1,1,0.3059216,1,2
0.7202384,1,0.3943387,1,1,1,1,0.3048222,0.3585051,0
0.7180132,1,0.3829884,1,1,1,1,0.313127,0.3311528,0
0.7159086,1,0.3723265,1,1,1,1,0.3218433,0.3060623,0
0.7139108,1,0.362312,1,1,1,1,0.3309405,0.2829651,0
0.7120041,1,0.3528992,1,1,1,1,0.5279968,0.2616183,0
0.710237,1,0.3460429,1,1,1,1,0.5162755,0.2437954,0
0.7084741,1,0.3392133,1,1,1,1,0.504729,0.2361789,0
0.7067181,1,0.3325738,1,1,1,1,0.493495,0.2395713,0
0.7049633,1,0.3262672,1,1,1,1,0.482686,0.2430011,0
0.7032015,1,0.3202602,1,1,1,1,0.4722617,0.2464599,0
0.7014257,1,0.3145235,1,1,1,1,0.4621859,0.2499402,0
0.6996301,1,0.309031,1,1,1,1,0.4649409,0.2534345,0
0.6978028,1,0.3038557,1,1,1,1,0.4734898,0.2568875,0
0.6959353,1,0.2990037,1,1,1,1,0.4816061,0.2602699,0
0.6940253,1,0.2944349,1,1,1,1,0.4892838,0.2635776,1
0.6920725,1,0.2901158,1,1,1,1,0.4965213,0.2668076,1
0.6900776,1,0.2860176,1,1,1,1,0.5033214,0.2699578,1
0.6880428,1,0.2821158,1,1,1,1,0.5096906,0.2730273,1
0.6859711,1,0.2783894,1,1,1,1,0.5156387,0.2760157,1
0.5589885,1,0.2748204,1,1,1,1,0.5211774,0.278923,1
0.5566776,1,0.2729145,1,1,1,1,0.5217192,0.2807231,1
0.5544043,1,0.2710344,1,1,1,1,0.5222137,1,2
0.5518182,0.9702914,0.2742526,1,0.9990263,1,1,0.5087181,1,2
0.5496122,0.9082924,0.2779486,1,0.9860839,1,1,0.4960528,1,2
0.5477836,0.3220568,0.2821607,1,0.9736888,1,1,0.4841313,1,2
0.5463305,0.2936736,0.2869319,1,0.9618208,1,1,0.4728786,1,2
0.5452519,0.2676577,0.2923113,1,0.9504611,1,1,0.4622289,1,2
0.5445477,0.243711,0.2983545,1,0.9602641,1,1,0.4521249,0.7401896,2
1,0.2215828,1,1,1,1,1,0.4425158,0.7340482,1
0.8435554,0.207228,1,1,1,1,1,0.4426052,0.7342129,2
0.7678393,0.2015051,1,0.9556634,1,1,1,0.439008,0.7319872,2
0.7679325,0.2019853,1,0.9442619,1,1,1,0.4337271,0.728674,2
0.7681835,0.2025198,1,0.9333388,1,1,1,0.4288973,0.7256597,2
0.7685696,0.2031011,1,0.9228457,1,1,1,0.424472,0.7229147,2
0.76907,0.2037222,1,0.9127387,1,1,1,0.4204105,0.7204118,2
0.7696658,0.2043765,1,0.9029783,1,1,1,0.4166762,0.7181267,2
0.7703403,0.2050583,1,0.8935288,1,1,1,0.4132368,0.716037,2
0.2858087,0.2057622,1,0.884358,1,1,1,0.4100636,0.714123,2
0.2226285,0.2083845,1,0.872853,1,1,1,0.4023785,0.7093819,2
0.1715215,0.2113582,1,0.8618374,1,1,1,0.394978,0.7048699,2
0.1722301,0.2147029,1,0.9265243,1,1,1,0.3878396,0.7005786,2
0.1731666,0.2184406,1,1,1,1,1,0.3809428,0.6965,2
0.1743355,0.2225955,1,1,1,1,1,0.3742692,0.6926269,2
0.1757421,0.8280649,1,1,1,1,1,0.3678017,0.6889527,2
0.176325,0.8319561,1,1,1,1,1,0.3661298,0.6879416,1
0.1769196,0.8356276,1,1,1,1,1,0.3645512,0.6869763,1
0.1775238,0.8390847,1,1,1,1,1,0.363058,0.6860521,1
0.1781356,1,0.8484173,1,1,1,1,0.361643,0.6851646,1
0.1785893,1,0.8410413,1,1,1,1,0.3609779,0.684671,1
0.1790499,1,0.8336599,1,1,1,1,0.3602999,0.6841688,1
0.1795173,1,0.826274,1,1,1,1,0.3596094,0.6836584,1
0.1799917,1,0.8188848,1,1,1,1,0.3589071,0.6831401,1
0.1804731,1,0.8114932,1,1,1,1,0.3581934,0.682614,1
0.1809616,1,0.8041002,1,1,1,1,0.3574688,0.6820802,1
0.1814572,1,0.7967068,1,1,1,1,0.3567338,0.6815392,1
0.1819598,1,0.7893137,1,1,1,1,0.3559888,0.6809909,1
0.6974394,1,0.7819216,1,1,1,1,0.3552343,0.6804358,0
0.6932868,1,0.7808777,1,1,1,1,1,0.3705499,0
0.6930416,1,0.7769148,1,1,1,1,1,0.324698,0
0.6967794,1,0.7735394,1,1,1,1,0.8759034,0.2940031,0
0.7140932,1,1,1,1,1,1,0.8475093,0.2951985,0
0.7458341,1,1,1,1,1,1,0.8165482,0.296977,0
0.7836697,1,1,1,1,1,1,0.7874098,0.2990538,0
0.8121997,0.7697617,1,0.8105673,1,1,1,0.7755651,0.3014362,0
0.8088782,0.7593681,1,0.7525963,1,1,1,0.7892591,0.3037331,0
0.8060185,0.7504466,1,0.7074661,1,1,1,0.8021,0.3060209,0
0.8035163,0.7427331,1,0.6882392,1,1,1,0.8129801,0.3082786,0
0.8012636,0.7359092,1,0.683717,1,1,1,0.7945901,0.3105201,0
0.7990963,0.7293799,1,0.679192,1,1,1,0.7770033,0.3128625,0
0.7970076,0.7231356,1,0.6746506,1,1,1,0.7601763,0.3152971,0
0.79499,0.7171655,1,0.67008,1,1,1,0.7555882,0.317815,0
0.7930649,0.7115973,1,0.6653941,1,1,1,0.7658494,1,2
0.7936701,0.7179945,1,0.6546499,1,1,1,0.7525648,1,2
0.7541975,0.7244172,1,0.6443912,1,1,1,0.7406022,1,2
0.6596724,1,1,0.6342533,1,1,1,0.7354864,1,2
0.6601585,1,1,0.655898,1,1,1,0.7338465,1,2
0.6607217,1,1,0.6784223,1,1,1,0.7318242,1,2
0.661348,1,1,0.7014787,1,1,1,0.7294027,1,2
0.662024,1,1,0.7249733,1,1,1,0.7265696,1,2
0.6627374,1,1,1,1,1,1,0.7233137,1,2
0.6631167,1,0.6454401,1,1,1,1,0.717749,1,2
0.6645855,1,0.6338189,1,1,1,1,0.7173833,1,2
0.6662212,1,0.6224776,1,1,1,1,0.716997,1,2
0.6680172,1,0.6114088,1,1,1,1,0.7165684,1,2
0.7579387,1,0.6006042,1,1,1,1,0.7160744,1,2
0.7100717,1,0.5910282,1,1,1,1,0.7124361,1,2
0.6607341,1,0.5810882,1,1,1,1,0.710317,1,2
0.6295353,1,0.5708298,1,1,1,1,0.7098396,1,2
0.6321682,1,0.5604929,1,1,1,1,0.7104416,1,2
0.6349531,1,0.5504213,1,1,1,1,0.7109259,1,2
0.6378795,1,0.5406017,1,1,1,1,0.7112622,1,2
0.6409368,1,0.5310218,1,1,1,1,0.7111711,1,2
0.6441114,1,0.5216707,1,1,1,1,0.7047111,1,2
0.647339,1,0.5226006,1,1,1,1,0.6986271,1,2
0.6505706,1,0.5401058,1,1,1,1,0.692955,1,2
0.6537341,1,0.5574569,1,1,1,1,0.6877578,1,2
1,1,0.574577,1,1,1,1,0.6829802,1,0
1,1,0.5672792,1,1,1,1,0.6845702,1,0
1,1,0.5606098,1,1,1,1,0.6690769,1,0
1,1,0.5535322,1,1,1,1,0.651585,1,0
1,1,0.5460045,1,1,1,1,0.6340546,1,0
1,1,0.5381032,1,1,1,1,0.6165377,1,0
1,1,0.5299022,1,1,1,1,0.6099303,1,0
1,1,0.5219981,1,1,1,1,0.61214,1,0
1,1,0.5147841,1,1,1,1,0.6142824,1,0
1,1,0.5081822,1,1,1,1,0.6163561,1,0
1,1,0.5021259,1,1,1,1,0.6183611,1,0
1,1,0.4965567,1,1,1,1,0.6202968,1,0
1,1,0.4914251,1,1,1,1,0.6221637,1,0
1,1,0.4866871,1,1,1,1,0.6239623,1,0
1,1,0.4823042,1,1,1,1,0.6256934,1,1
1,1,0.4782429,1,1,1,1,0.627358,1,1
1,1,0.4744733,1,1,1,1,0.6289572,1,1
1,1,0.4709692,1,1,1,1,0.6304924,1,1
1,1,0.4677072,1,1,1,1,0.6319653,1,1
1,1,0.4646663,1,1,1,1,1,1,2
1,1,0.4750023,1,1,1,1,1,1,2
1,1,0.4855574,1,1,1,1,1,1,2
1,1,1,1,1,1,1,1,1,1
1,1,1,1,1,1,1,1,0.705113,0
1,1,1,1,1,1,1,1,0.6375614,0
1,1,0.4675512,1,1,1,1,1,0.579166,0
1,1,0.4592451,1,1,1,1,1,0.580234,0
1,1,0.4515241,1,1,1,1,1,0.5813406,0
1,1,0.4443281,1,1,1,1,1,0.5824797,0
1,1,0.4376048,1,1,1,1,1,0.5836461,0
1,1,0.4313083,1,1,1,1,1,0.584835,0
1,0.4091491,0.4253986,1,1,1,1,1,0.5860417,2
1,0.3921155,1,1,1,1,1,1,0.5839037,1
1,0.3803663,1,1,1,1,1,1,0.583482,1
1,0.3685663,1,1,1,1,1,1,0.5829967,1
1,0.3567332,1,1,1,1,1,1,0.5824489,1
1,0.3448843,1,1,1,1,1,1,0.5707272,1
1,0.3332122,1,1,1,1,1,1,0.5517889,1
1,0.3218177,1,1,1,1,1,1,0.5313398,1
1,0.3106995,1,1,1,1,1,1,0.509311,1
1,0.2998548,1,1,1,1,1,1,0.5083302,1
1,0.2889735,1,1,1,1,1,1,0.5079252,1
1,0.2780609,1,1,1,1,1,1,0.507472,1
1,0.2671303,1,1,1,1,1,1,0.5069714,1
1,0.2561951,1,1,1,1,1,1,0.5064239,1
1,0.2528793,1,1,1,1,1,1,0.5058303,1
1,0.2539073,1,1,1,1,1,1,0.5052212,1
1,0.2549393,1,1,1,1,1,1,0.5046132,1
1,0.2559742,1,1,1,1,1,1,0.5040062,1
1,0.2570112,1,1,1,1,1,1,0.5034,1
1,0.2580492,1,1,1,1,1,1,0.5027945,1
1,0.2590872,1,1,1,1,1,1,0.5021896,1
1,0.2601244,1,1,1,1,1,1,0.5015852,1
1,0.26116,1,1,1,1,1,1,0.5009814,1
0.3322171,0.2621931,1,1,1,1,1,1,0.5003779,2
0.2922301,0.2682037,1,1,1,1,1,1,0.4977817,2
0.256905,0.2747843,1,1,1,1,1,1,0.4952824,2
0.2254687,0.2819775,1,1,1,1,1,1,0.4928768,2
0.2108562,1,1,1,1,1,1,1,0.4905618,2
0.2127647,1,1,1,1,1,1,1,0.4890323,2
0.2147448,1,1,1,1,1,1,1,0.487503,2
0.2167936,1,1,1,1,1,1,1,0.4859714,2
0.2189079,1,1,1,1,1,1,1,0.4844355,2
0.2210846,1,1,1,1,1,1,1,0.4828933,2
0.2233205,1,1,1,1,1,1,1,0.4813428,2
0.2256125,1,1,1,1,1,1,1,0.4797826,2
0.2279573,1,1,1,1,1,1,1,0.4782111,2
0.2303517,1,1,1,1,1,1,1,0.4766269,2
0.2327926,1,1,1,1,1,1,1,0.4750287,2
0.2352767,1,1,1,1,1,1,1,0.4734154,2
0.2378006,1,1,1,1,1,1,1,0.4717862,2
0.2403612,1,1,1,1,1,1,1,0.4701401,2
0.2429551,1,1,1,1,1,1,1,0.4684764,2
0.6149117,1,1,1,1,1,1,1,1,2
1,1,1,1,1,1,1,1,1,1
1,1,1,1,1,1,1,1,1,1
1,1,1,1,1,1,1,1,1,1
1,1,1,1,1,1,1,1,1,1
1,1,1,1,1,1,1,1,1,1
1,1,1,1,1,1,1,1,1,1
1,1,1,1,1,1,1,1,1,1
1,1,1,1,1,1,1,1,1,1
1,1,1,1,1,1,1,1,1,1
1,1,1,1,1,0.9992796,1,1,1,1
1,1,1,1,1,0.9924904,1,1,1,1
1,1,1,1,1,0.9856909,1,1,1,1
1,1,1,1,1,0.9788815,1,1,1,1
1,1,1,1,1,0.9720623,1,1,1,1
1,1,1,1,1,0.9652337,1,1,1,1
1,1,1,1,1,0.9583958,1,1,1,1
1,1,1,1,1,0.9515489,1,1,1,1
1,1,1,1,1,0.9460084,1,1,1,1
1,1,1,1,1,0.9476299,1,1,1,1
1,1,1,1,1,0.949205,1,1,1,1
1,1,1,1,1,0.9507354,1,1,1,1
1,1,1,1,1,0.9522216,1,1,1,1
1,1,1,1,1,0.953665,1,1,1,1
1,1,1,1,1,0.9550666,1,1,1,1
1,1,1,1,1,0.9564276,1,1,1,1
1,1,1,1,1,0.9577487,1,1,1,1
0.8303118,1,1,1,1,0.9590313,1,1,1,2
0.7871653,1,1,1,1,0.92615,1,1,1,2
0.7423084,1,1,1,1,0.8887576,1,1,1,2
0.7086405,0.9228497,1,1,1,0.8668489,1,1,1,2
0.711839,0.9000509,1,1,1,0.8624778,1,1,1,2
0.7153694,0.8776767,1,1,1,0.8583101,1,1,1,2
0.7192393,0.8557881,1,1,1,0.8543476,1,1,1,2
0.7234539,0.8344358,1,1,1,0.8505897,1,1,1,2
0.7280166,0.8241345,1,1,1,0.8470333,1,1,1,2
0.7328369,0.8374361,1,1,1,0.8435959,1,1,1,2
0.7376975,0.8506659,1,1,1,0.8400882,1,1,1,2
1,0.8637713,1,1,1,0.8364871,1,1,1,1
1,0.8668249,1,1,1,0.8300008,1,1,1,1
1,0.8697232,1,1,1,0.8234597,1,1,1,1
1,0.872466,1,1,1,0.8168656,1,1,1,1
1,0.8750538,1,1,1,0.8102201,1,1,1,1
1,0.8774872,1,1,1,0.8035251,1,1,1,1
1,1,1,1,1,0.7967826,1,1,1,1
1,1,1,1,1,0.7891103,1,1,1,1
1,1,1,1,1,0.7814344,1,1,1,1
1,1,1,1,1,0.7737561,1,1,1,1
1,1,1,1,1,0.7660772,1,1,1,1
1,1,1,1,0.9339407,0.7583991,1,1,1,1
1,1,1,1,0.9268408,0.7506342,1,1,1,1
1,1,1,1,0.9197442,0.7428702,1,1,1,1
1,1,1,1,0.9126524,0.7351094,1,1,1,1
1,1,1,1,0.9055671,0.7273543,1,1,1,1
1,1,1,1,0.8984895,0.7196068,1,1,1,1
1,1,1,1,0.891421,0.7118694,1,1,1,1
1,1,1,1,0.8843628,0.7041438,1,1,1,1
1,1,1,1,0.8773159,0.6964319,1,1,1,1
1,1,1,1,0.8702816,0.6887356,1,1,1,1
1,1,1,1,0.8632605,0.6810564,1,1,1,1
1,1,1,1,0.8562537,0.6733958,1,1,1,1
1,1,1,1,0.8492618,0.6657552,1,1,1,0
1,1,1,1,0.8422852,0.6581357,1,1,1,0
1,1,1,1,0.8353246,0.6505385,1,1,1,0
1,1,1,1,0.8283805,0.6429645,1,1,1,0
1,1,1,1,0.8214529,0.6354144,1,1,1,0
1,1,1,1,0.8145421,0.6278892,1,1,1,0
1,1,1,1,0.8076483,0.6311759,1,1,1,1
1,1,1,1,0.8007764,0.6404718,1,1,1,1
1,1,1,1,0.7939274,0.6497556,1,1,1,1
1,1,1,1,0.7870994,0.6590135,1,1,1,1
1,1,1,1,0.7802902,0.668232,1,0.9910939,1,1
1,1,1,1,0.7734879,0.678313,1,0.9752349,1,1
1,1,1,1,0.7666867,0.6900274,1,0.9590967,1,0
1,1,1,1,0.7598907,0.7034922,1,0.9427292,1,0
1,1,1,1,0.7531036,1,0.6154764,0.9261823,1,0
1,1,1,1,0.746246,0.9998742,0.6049983,0.9328643,1,0
1,1,1,1,0.7394668,0.9912268,0.5947625,0.9401617,1,0
1,1,1,1,0.7327586,0.9827464,0.5847442,0.9475526,1,0
1,1,1,1,0.7261148,0.9744259,0.5749357,0.9550123,1,0
1,1,1,1,0.7195285,1,0.5653288,0.9625168,1,0
1,1,1,1,0.7129894,0.7207732,0.5559685,0.9698499,1,0
1,1,0.9998614,1,1,0.7130181,0.5463898,0.9786909,1,0
1,1,0.9854407,1,1,0.7053611,0.5369595,1,1,0
1,1,0.9824381,1,1,0.697881,0.5278788,1,1,0
1,1,0.9794076,1,1,0.6904846,0.5189351,1,1,0
1,1,0.9763386,1,1,0.6831682,0.5101245,1,1,0
1,1,0.9732205,1,1,0.6759281,0.5014429,1,1,0
1,1,0.9700428,1,1,0.6687604,0.4928859,1,1,0
1,1,0.966795,1,1,0.661661,0.4844489,1,1,0
1,1,0.9634672,1,1,0.654626,0.4761274,1,1,0
1,1,0.9600495,1,1,0.6476513,0.4717202,1,1,0
1,1,0.9565019,1,1,0.6407346,0.4844343,1,1,0
1,1,0.9526826,1,1,0.6338778,0.4971197,1,1,0
1,1,0.9485893,1,1,0.6270728,0.5097223,1,1,0
1,1,0.9442213,1,1,0.6203119,0.5221874,1,1,0
1,1,0.9395793,1,1,0.6135888,0.5344593,1,1,0
1,1,0.9346653,1,1,0.6068973,0.5464833,1,1,0
1,1,0.9294822,1,1,0.6002325,0.8702974,1,1,1
1,1,0.9217564,1,1,0.5936348,0.8633487,1,1,1
1,1,0.9139682,1,1,0.5870388,0.8564262,1,1,1
1,1,0.9061192,1,1,0.5804443,0.849529,1,1,1
1,1,0.8982108,1,1,0.5738512,0.8426563,1,1,1
1,1,0.8902453,1,1,0.5672594,0.8358072,1,1,1
1,1,0.8822246,1,1,0.5606686,0.8289807,1,0.9513739,1
1,1,0.8752404,1,1,0.5540565,0.8217285,1,0.9315351,1
1,1,0.8686197,1,1,0.5474415,0.8143357,1,0.9105237,1
1,1,0.8623779,1,1,0.5408264,0.8068042,0.4473038,0.8883932,0
1,1,0.8655881,1,1,1,0.7958323,0.4316371,0.8371013,0
1,1,0.8702617,1,1,1,0.543192,0.4160933,0.8359453,0
1,1,0.8758338,1,1,1,0.5338734,0.4010955,0.8464801,0
1,1,0.8820187,1,1,1,0.5249066,0.3867854,0.8577771,0
1,1,1,1,1,1,0.5162791,0.3731188,0.8698725,0
1,1,1,1,1,1,0.5079793,0.3600555,0.8828056,0
1,1,1,1,1,1,0.4999966,0.3475588,1,0
1,1,1,0.8889069,1,1,0.4925054,0.3417682,1,0
1,0.6906611,1,0.8607165,1,1,0.4853682,0.3544341,1,1
1,1,1,0.8544559,1,1,0.4789819,0.3593901,1,0
1,1,1,0.8305486,1,1,0.4720966,0.3719535,1,0
1,0.6769533,1,0.8095887,1,1,0.4653831,0.3843558,1,1
1,1,1,0.8083437,1,1,0.4592056,0.3874264,1,0
1,1,1,0.7897129,1,1,0.4526142,0.3996211,1,0
1,1,1,0.7731568,1,1,0.4696937,0.4115554,0.4065464,0
1,0.6582516,1,0.7430688,1,1,1,1,0.3854345,1
1,0.655372,1,0.7373187,1,1,1,0.7507944,0.3749912,0
1,0.6514928,1,0.7260863,1,1,1,0.7417472,0.3623429,0
1,0.647621,1,0.7150587,1,1,1,0.7328096,0.3499325,0
1,1,1,0.708478,1,1,1,0.7239842,0.3377582,0
1,0.6372656,1,0.710828,1,1,1,0.7104157,0.3202296,0
1,0.6334159,1,0.7061289,1,1,1,0.7020069,0.3088599,0
1,0.6295602,1,0.7014383,1,1,1,0.4356852,0.2976627,0
1,0.6249751,1,0.6990308,1,1,1,0.427218,0.2926844,0
1,0.6204865,1,0.6964404,1,1,1,0.4189831,0.299109,0
1,0.6161366,1,0.6934704,1,1,1,0.4110227,0.3055065,0
1,0.6119088,1,0.6901187,1,1,1,0.4033073,0.3118592,0
1,0.6077885,1,0.6863854,1,1,1,0.3958105,0.3181507,0
1,0.6037639,1,0.682274,1,1,1,0.3885092,0.3243658,0
1,0.5998241,1,0.67779,0.7541231,1,1,0.3813823,0.3304904,1
1,1,1,0.6702555,0.7475668,1,1,0.3751125,0.3348824,0
1,0.5913956,1,0.6715049,0.7197278,1,1,0.3666411,0.3447316,1
1,1,1,0.6625667,0.7163405,1,1,0.3607908,0.3484464,0
1,1,1,0.6628555,0.6922715,1,1,0.3528052,0.3581268,0
1,1,1,0.6624216,0.671116,1,1,0.3452046,1,2
1,1,1,0.6506636,0.6728479,1,1,0.340006,1,2
1,1,1,0.6391362,0.6745723,1,1,0.334755,1,2
1,1,1,0.6278322,0.676275,1,1,0.32945,1,2
0.4937152,1,1,0.6167439,0.6779419,1,1,0.3240896,1,2
0.487977,1,1,0.5990083,1,1,1,0.3204087,1,2
0.4826637,1,1,0.5821598,1,1,1,0.3166963,0.9943939,2
0.4777533,1,1,0.5661246,1,1,1,0.3129438,0.9806017,2
0.4732491,1,1,0.5630559,1,1,1,0.309096,0.9680431,2
0.46914,1,1,0.5740299,1,1,1,0.3050944,0.9568384,2
0.4654025,1,1,0.5849027,1,1,1,0.3008789,0.9470648,2
0.4619882,0.8571367,1,0.5956236,1,1,1,0.2964437,0.938529,2
0.4853469,0.7880114,0.6107357,0.6120668,1,1,1,0.2927064,0.9272497,2
0.535685,0.7628351,0.58937,0.6303512,1,1,1,0.2889662,0.9164926,2
0.5329098,0.7668911,0.5690506,1,1,1,1,0.2852074,0.9224056,2
0.5305076,0.7715003,0.5496992,1,1,1,1,0.2814258,0.9412298,2
0.6592286,0.7766817,0.5312451,1,1,1,1,0.2776171,0.96172,2
1,0.7810019,0.5152599,1,1,1,1,0.2730382,0.9774564,1
1,0.780196,0.5057058,1,1,1,1,0.2656525,0.9691801,1
1,0.779291,0.4963254,1,1,1,1,0.2581746,0.9602692,1
1,0.778277,0.4871158,1,1,1,1,0.2506062,0.9507037,1
1,0.7771444,0.4780737,1,1,1,1,0.24295,0.9404678,1
1,0.8759218,0.4691953,1,1,1,1,0.2397665,0.9295517,1
1,0.872999,0.4618528,1,1,1,1,0.2434232,0.9119509,1
1,0.8700166,0.4555612,1,1,1,1,0.2471824,0.8943256,1
1,0.8669688,0.4513439,1,1,1,1,0.2510545,0.8944224,1
1,0.8641088,0.4473851,1,1,1,1,0.2548207,0.8975881,1
1,0.8614644,0.4437188,1,1,1,1,0.2584387,0.3185996,0
1,0.8512181,0.4313366,1,1,1,1,0.2696628,0.2949392,0
1,0.8413861,0.4308261,1,1,1,1,0.2819737,0.2730756,0
1,0.7354752,0.4301504,1,1,1,1,0.2950154,0.2531856,0
1,0.7288498,0.4275907,1,1,1,1,0.30666,0.2363404,0
1,0.7226213,0.4246901,1,1,0.9615899,1,1,0.2206328,1
1,0.7205948,0.4152226,1,1,0.9549797,1,1,0.2101316,1
1,0.7185736,0.4057849,1,1,0.9483739,1,1,0.1997419,1
1,0.7165577,0.396376,1,1,0.9417724,1,1,0.2022777,1
1,0.8106224,0.3868251,1,1,0.9351038,1,1,0.2047341,1
1,0.8077777,0.3785681,1,1,0.9289739,1,1,0.2076773,1
1,0.8050991,0.3700837,1,1,0.9227555,1,1,0.2105518,1
1,0.8025795,0.3658341,1,1,0.9164519,1,1,0.2133534,1
1,0.8001736,0.3626287,1,1,0.9100875,1,1,0.2160992,1
1,0.7978668,0.3595456,1,1,0.9036712,1,1,0.2187927,1
1,0.7956535,0.3565762,1,1,0.8972073,1,1,0.2214332,1
1,0.7935287,0.3537126,1,1,0.8907,1,1,0.2240209,1
1,0.7914881,0.3509476,1,1,0.8841536,1,1,0.2265556,1
1,0.7895277,0.3482748,1,1,0.8775724,1,1,0.2290377,1
1,0.7876434,0.3456881,1,1,0.8709601,1,1,0.2314677,1
1,0.7858317,0.3431818,1,1,0.8643207,1,1,0.2338463,1
1,0.7840894,0.3407511,1,1,0.8576578,1,1,0.2361745,1
1,0.7824135,0.3383909,1,1,0.8509749,1,1,0.238453,1
1,0.7808008,0.3360969,1,1,0.8442748,1,1,0.240683,1
1,0.7792487,0.333865,1,1,0.8375608,1,1,0.2428656,1
1,0.7777544,0.3316911,1,1,0.8308356,1,1,0.4605615,2
1,0.7786958,0.3322837,1,1,0.8231858,1,1,0.4599322,2
1,1,0.3328444,1,1,0.8601788,1,1,0.459424,1
1,1,0.3300788,1,1,0.8483533,1,1,0.4616364,1
1,1,0.3273886,1,1,0.8377482,1,1,0.4637826,1
1,0.3717341,0.3247669,1,1,0.8282198,1,1,0.4658671,2
0.6226242,0.3381791,0.329653,1,0.815477,1,1,1,0.4620331,2
0.6207725,0.307716,0.3351363,1,0.804065,1,1,1,0.45834,2
0.6193284,0.2799193,0.5920004,1,0.7930955,0.9968242,1,1,0.4547793,2
0.618291,0.2544385,1,1,0.7825515,0.9891554,1,1,0.4513436,2
0.61766,0.2403173,1,1,0.7724177,0.9819053,1,1,0.4480256,2
0.6174363,0.2417935,1,1,0.7626799,0.9750673,0.9794476,1,0.4448188,2
0.6176218,0.2435738,1,1,0.7533249,0.9686344,0.938336,1,0.4417171,2
0.7088776,0.245671,1,1,0.7443405,0.9626016,0.9373087,1,0.4387149,2
0.7097981,0.2475545,1,0.7632805,0.8029088,0.9567886,0.9356771,1,0.4363815,2
0.7112629,0.2499874,1,0.7521136,1,1,0.9348281,1,0.4338204,2
0.7128906,0.2524051,1,0.7416784,1,1,0.9336925,1,0.4316059,2
0.327933,0.2549395,1,0.731711,0.937252,1,0.9325101,1,0.4295589,2
0.266211,0.2586197,1,0.7213374,0.9295297,1,0.9331925,1,0.4269341,2
0.2152171,0.2627145,1,0.7113698,0.9222242,1,0.9342949,1,0.4243845,2
0.2121143,0.2672483,1,0.7017944,0.9153284,1,1,1,0.4219063,2
0.2134874,0.4806653,1,0.692598,0.9088358,1,1,1,0.4194962,2
0.2151176,0.4900911,1,0.6939423,0.9027411,1,1,1,0.4182323,2
0.2170112,0.500295,1,1,0.8970395,1,1,1,0.4278356,2
0.2191755,0.5113329,1,1,1,1,1,1,0.4399131,2
0.2216183,1,0.6959379,0.8843125,1,0.9239698,1,1,0.4554447,2
0.2234392,1,0.686231,0.8770082,1,0.8853459,1,1,0.445768,2
0.2252712,1,0.6769581,0.8698901,1,0.8527749,1,1,0.4307961,2
0.2270792,1,0.6681083,0.8629267,1,0.8351051,1,1,0.4091311,2
0.2288335,1,0.6596553,0.8560848,1,0.8302112,1,1,0.4048074,2
0.2306121,1,0.6513845,0.8493134,1,0.8252062,1,1,0.4034769,2
0.2324219,1,0.6432588,0.8425997,1,0.8201183,1,1,0.4021409,2
0.234258,1,0.6352682,0.835936,1,0.8149419,1,1,0.4007983,2
0.410377,1,0.6274034,0.8293152,1,0.8096724,1,1,0.3994485,1
0.4098363,1,0.6207702,0.8227473,1,0.8023841,1,1,0.3983775,1
0.4108417,1,0.6141331,0.8161792,1,0.7951,1,1,0.3973142,1
0.411827,1,0.6075019,0.809611,1,0.7878042,1,1,0.3962611,1
0.4127927,1,0.600875,0.8030429,1,0.7804986,1,1,0.3952183,1
0.4137397,1,0.5942516,0.7964751,1,0.7731856,1,1,0.3941861,1
0.4146686,1,0.5876305,0.7899074,1,0.7658666,1,1,0.3931646,1
0.41558,1,0.5810105,0.7833398,1,0.7585438,1,1,0.3921539,1
0.4164749,1,0.5743905,0.7767723,1,0.7512186,1,0.9999133,0.3911541,1
0.4173532,1,0.5677703,0.770205,1,0.7438919,1,0.9995419,0.3901654,1
0.418214,1,0.5611505,0.7636378,1,0.7365626,1,0.9992058,0.3891883,1
0.4190581,1,0.5545297,0.757071,1,0.7292327,1,0.9989014,0.3882228,1
0.4198866,1,0.5479069,0.7505043,1,0.7259573,1,0.9986252,0.3872688,1
0.4207111,1,0.5412722,0.7439365,1,0.725968,1,0.9983405,0.3863235,1
0.4215401,1,0.5346192,0.7373672,1,0.725836,1,0.9980193,0.3853844,1
0.4223732,1,0.5279486,0.730796,1,0.7255703,1,0.9976643,0.3844512,1
0.4232098,1,0.5212618,0.7242231,1,0.7251788,1,1,0.3835235,1
0.424068,1,0.514545,0.7176465,1,0.7244553,1,1,1,2
0.4292494,1,0.5046346,0.7107982,1,0.6835784,1,0.9830289,1,2
0.7167922,1,0.4959636,0.7042884,1,0.6818497,1,0.9698608,1,2
0.7217252,1,0.5216336,0.6978762,1,0.6774319,1,0.963074,1,2
0.726374,1,0.5468036,0.6915123,1,0.6727164,1,0.9570391,1,2
0.7307373,1,0.5712299,0.6851755,1,0.6677135,1,0.9516535,1,2
0.734817,1,0.594688,0.6788493,1,0.6624364,1,0.9468315,1,2
0.7386194,1,1,1,1,0.6569006,1,0.942501,1,1
0.7410812,1,1,1,1,0.6503811,1,0.939886,1,1
0.7434303,1,1,1,1,0.6437644,1,0.9374264,1,1
1,1,1,1,1,0.6370552,1,0.9351144,1,0
1,1,1,1,1,0.6277382,1,0.9374882,1,0
1,1,1,1,1,0.6185345,1,1,1,0
1,1,1,0.632972,1,0.6099895,1,1,1,0
1,1,1,0.626313,1,0.6013675,1,1,0.8895193,0
1,1,1,0.6196195,1,0.5917645,0.998415,1,0.7816123,0
1,1,1,0.6129816,1,0.6032887,0.9794506,1,0.7814204,0
0.7298955,1,0.5211276,0.606472,1,0.6266152,0.9612417,1,0.7815,1
1,1,0.5267437,0.5998812,1,0.621688,0.9538994,1,0.7803573,0
1,1,0.5127327,0.5934018,1,0.636605,0.9397362,0.8544298,0.7801722,0
0.7257753,1,0.4918537,0.5870622,1,0.6622393,0.618465,0.8223876,0.7806085,0
0.7234322,1,0.4780042,0.5807202,1,1,0.6064088,0.7963591,0.7808875,0
0.7223164,1,0.4707319,0.574297,1,1,0.5960787,0.7760732,0.7808359,0
0.7210856,1,0.4631221,0.5679026,1,1,0.5857244,0.7558097,0.7809106,0
1,1,0.4552924,0.561538,1,1,0.5753765,0.7356672,1,0
0.7178363,1,0.4449113,0.5552866,1,1,0.5644271,0.738974,1,1
1,1,0.449532,0.5485356,1,1,0.5574375,0.7371048,1,0
1,1,0.4397036,0.5422937,1,1,0.5467484,0.7411798,1,0
1,1,0.4310043,0.5360494,1,1,0.5364171,0.7450896,1,0
1,1,0.4232708,0.5297961,1,1,0.5264046,0.7488296,1,0
1,1,0.4163682,0.5235285,1,1,0.516676,0.7523978,0.9317748,0
1,1,0.4072826,0.5174165,1,1,0.5064406,0.7574074,0.8569391,0
1,1,0.3962774,0.5114899,1,1,0.4957676,0.7639999,0.8359931,0
1,1,0.3859139,0.5056006,1,1,0.4853401,0.7708096,0.838065,0
1,1,0.3769489,0.4996695,1,1,0.475366,1,0.8400993,1
1,1,0.3752548,0.4931032,1,1,0.4674148,1,0.840473,1
1,1,0.3736228,0.486527,1,1,0.459505,1,0.8408469,1
1,1,0.3720494,0.4799412,0.4736537,1,0.4516341,1,0.8412205,1
1,0.3730911,0.3703099,0.4733668,0.4669751,1,0.4510694,1,0.8416529,2
1,0.3554549,0.3860402,0.4652989,1,1,0.4402002,1,0.8377301,2
1,0.3391282,1,0.4575066,1,1,0.4364352,1,0.8342414,2
1,0.3272659,1,0.4504645,1,1,0.4302022,1,0.8328725,2
1,0.3156072,1,0.4434561,1,1,0.4239166,1,0.8315198,2
1,0.3041438,1,0.4364798,1,1,0.417576,1,0.8301837,2
1,0.292868,1,0.4295339,1,1,0.4111786,1,0.828864,2
1,0.2817717,1,0.422617,1,1,0.404723,1,0.8275606,2
1,0.2708464,1,0.4157273,1,1,0.3982078,1,0.8262728,2
1,0.2600837,1,0.408863,1,1,0.391632,1,0.8250002,2
1,0.2494752,1,0.4020225,1,1,0.3849954,1,0.8237422,2
1,0.2390127,1,0.3952044,1,1,0.3782975,1,0.822498,2
1,0.2286882,1,0.3884068,1,1,0.3742215,1,0.8212667,1
1,0.2276275,1,0.3816269,1,1,0.3703336,1,0.8200397,1
1,0.229474,0.3958241,0.3748706,1,1,0.3666902,1,0.8188531,2
1,0.2333626,0.3872741,0.3679425,1,1,0.358271,1,0.8166133,2
1,0.2371245,0.3790202,0.3611071,1,1,0.3508595,1,0.8145791,2
1,0.240756,0.3710122,0.3543425,1,1,0.3442778,1,0.8127062,2
0.3143185,0.244256,0.3632087,0.3476317,1,1,0.3383852,1,0.8109598,2
0.2836157,0.2517806,0.3541471,0.3900187,1,1,0.3317496,1,0.8079947,2
0.255816,0.2600094,0.3453712,1,1,1,0.3285755,1,0.8052578,2
0.2305277,0.2690044,0.3368682,1,1,1,0.3254848,1,0.8027455,2
0.207426,0.2788359,0.3286268,1,1,1,0.3224788,0.6620848,0.8004545,2
0.193812,1,0.3209915,1,1,1,0.3180588,0.6552906,0.7985098,1
0.1951509,1,0.3146391,1,0.9985396,0.9941559,0.3087448,0.6548789,0.797034,0
0.1964424,1,0.3082831,1,0.9908765,0.9852902,0.2994568,1,0.7956017,2
0.1991555,1,0.3011463,1,0.9862326,0.9818631,0.2931863,1,0.7938403,2
0.2018553,1,0.2941219,1,1,0.9780701,0.2866408,1,0.7920989,2
0.2045544,1,0.2871848,1,1,0.9739913,0.2798748,1,0.7903634,2
0.2072278,1,0.2803306,1,1,0.969564,0.2728663,1,0.7886271,2
0.2098671,1,0.2735478,1,1,0.9647914,0.2656286,1,0.7868833,2
0.212465,1,0.2668265,1,1,0.9596799,0.2581762,1,0.7851273,1
0.2150147,1,0.260158,0.9695608,1,0.9542386,0.2505245,1,0.7833561,1
0.2174935,1,0.2535397,0.924556,1,0.9484211,0.246381,1,0.7815678,1
0.2199005,1,0.2469624,0.9114657,1,0.9422596,0.2429902,1,0.7797624,1
0.2222537,0.2863631,0.2404141,0.9051713,1,0.9358451,0.239751,1,0.7779427,2
0.2269982,0.2754181,0.2395953,0.9005948,0.9812871,1,0.2320653,1,0.7763579,2
0.2318883,0.265025,0.2891023,0.896183,0.923977,0.3266372,0.2248503,1,0.774867,1
1,0.2574641,0.3073722,0.8898483,0.9157943,0.3219185,0.2216977,1,0.7728224,0
1,0.2533086,0.2760477,0.8809941,0.9723271,0.9139257,0.2239419,1,0.7702042,0
1,0.2476896,0.2660467,0.8733103,1,0.9011498,0.2243004,1,0.7681065,0
1,0.2417764,0.2590949,0.8658673,1,0.8891872,0.2244768,1,0.7662078,0
1,0.2356357,0.2538993,0.8987957,1,0.8777956,0.2245551,0.2972366,1,0
1,0.2311723,0.2353023,1,0.8738164,0.862464,0.2278538,0.2699679,1,0
1,0.2266324,0.2196972,1,0.8629044,0.8477523,0.2316559,0.2449609,1,0
1,0.2220084,0.2062961,1,0.8524407,0.8336313,0.2360067,0.2219312,0.550537,0
1,0.2172917,0.1945644,1,0.8424103,0.8200743,0.2409582,0.20064,0.5502345,0
1,0.2124735,0.1841268,1,0.8327993,0.8329399,0.2465701,0.1808854,0.5503111,0
1,0.2075432,0.1747118,1,0.8235949,0.884512,0.2529107,0.1624949,0.5507694,0
1,0.2024907,0.1661181,1,0.8147855,1,1,0.1629215,0.5516126,0
1,0.1960815,0.1611757,1,0.8068544,1,1,0.163734,0.5522135,0
1,0.1892229,0.1570728,1,0.7992154,1,1,0.1645244,0.55287,0
1,0.1819362,0.1536428,1,0.9023572,1,1,0.1652812,0.5535505,0
1,0.1741853,0.1509005,1,1,0.8058183,0.8249316,0.1659503,1,2
1,0.1638054,0.1538777,1,1,0.799831,0.8193163,0.1648561,0.2446114,0
1,0.1576688,0.146813,1,1,0.7890471,0.8025971,0.1670501,0.1897041,0
1,0.1513104,0.1401467,1,1,0.7787041,0.7865846,0.1695678,0.1444924,0
1,0.1447083,0.1338181,1,1,0.7687868,0.7712423,0.1724278,0.1371854,0
1,0.1378385,0.1277776,1,1,0.7592819,0.7565371,0.1756506,0.1380787,0
1,0.1306733,0.1219842,1,1,0.7501761,0.7424378,0.1792589,0.1391897,0
1,0.1230524,0.1165843,1,0.9876766,0.7415262,0.7291428,0.1831363,0.1404817,0
1,0.1146709,0.1118817,0.721809,0.9821494,0.7334096,0.7508827,0.1869441,0.1418478,0
1,0.105057,0.108401,0.6871518,0.9764259,0.7592401,0.7770814,0.9021682,0.1430622,2
1,0.0919172,0.1097142,0.7176799,0.9688174,0.720057,0.7537478,0.8922192,0.1429731,2
1,0.07941984,0.110854,1,0.9614734,0.7141362,0.7353416,0.8841395,0.142926,2
1,0.0676245,0.1113056,1,0.954447,0.7079364,0.7250074,0.8795295,0.1430378,2
0.1621153,0.06566901,0.1117465,1,0.9914,0.701709,0.7158006,0.8753629,0.1431383,2
0.1184756,0.06647324,0.1158974,1,1,0.6969443,0.6861449,0.8590675,0.1424196,2
0.08202002,0.06751478,0.120784,0.9490163,1,0.6924545,0.6851965,0.5195407,0.1416271,2
0.05423263,0.0688069,0.1265114,0.9387668,1,0.6882383,0.6845334,0.5104017,0.1407614,2
0.05478465,0.07036433,0.1332065,0.9290016,1,0.684295,0.6841635,0.5016144,0.139823,2
0.05551459,0.07220349,0.1410243,0.9197072,1,0.6806247,0.6840957,0.4931537,0.1388122,2
0.05636004,0.07413927,0.5650221,0.9111043,1,0.6767997,0.6833848,0.4858953,0.1378122,2
0.05711741,0.07558295,0.5559176,0.9035749,1,0.671575,0.6793928,0.4819441,0.1370212,2
0.05791789,0.07704497,0.547171,0.8962373,0.7529587,0.6661719,0.6749503,0.4784252,0.1362182,2
0.05872701,0.0784342,0.5389041,0.8891165,0.6969674,0.6604232,0.6697165,0.4755901,0.1354307,2
0.05955105,0.07979432,0.5414739,0.8821188,0.6552534,0.654463,0.6640017,0.4731416,0.1346423,1
0.06037997,0.08110867,0.5496655,0.8752235,0.6266882,0.6482862,0.6578068,0.4710653,0.1338575,1
0.06120675,0.08236955,0.5563575,0.8684101,0.6202071,0.6419081,0.6511729,0.4693221,0.1330793,1
0.0620298,0.08358484,0.5618302,0.8672317,0.6136726,0.6353724,0.6441986,0.4678327,1,2
0.06348532,0.0867469,0.6017259,1,0.6085477,0.6324823,0.6447973,0.4604487,1,2
0.06514523,0.6860163,1,1,0.6036823,1,0.6457223,0.4532971,1,2
0.0667648,0.6688964,1,1,0.5983911,1,0.6440173,0.448153,1,2
0.06849129,0.6557132,1,1,0.5931266,1,0.6420645,0.4432882,1,2
0.07031404,0.6678626,1,1,0.5878597,1,0.6397998,0.4386992,1,2
0.07219677,0.6793175,0.8433961,1,0.5824934,1,0.636895,0.4345169,1,2
0.07419641,0.6914105,0.8345175,1,0.5772055,0.67359,0.6340992,0.4303274,1,2
1,0.6979395,0.8269845,1,0.5711243,0.6622844,0.6281401,0.42766,1,0
1,0.6816354,0.8242988,1,0.5619445,1,0.6102317,0.4309835,1,0
1,0.6662395,1,1,0.5530604,1,0.5930978,0.7321891,1,0
1,0.6571143,1,1,0.5450884,1,0.5794815,0.7231985,1,0
1,0.6484314,1,1,0.5372604,0.5603468,0.5662972,0.7279997,1,0
1,0.6363785,1,1,0.5291858,0.5500244,0.5516279,0.7355441,0.3915705,0
1,0.6233679,1,1,0.5211901,0.5396445,0.5367464,0.7448046,0.3775773,0
1,0.6109853,1,0.8489296,0.5350031,0.5296116,0.522455,0.7548292,0.3782869,0
1,0.6103418,1,0.7589217,1,0.5199111,0.5102676,0.76566,0.3793103,0
1,0.614256,0.5201632,0.7540919,1,0.5105291,0.5298935,1,0.3806519,0
1,0.6166518,0.4987611,0.7492477,1,0.501742,0.5485556,1,0.3820392,0
1,0.6178043,0.481254,0.7443587,1,0.4933808,0.5665134,1,0.3834638,0
1,0.6177102,0.4667814,0.7393745,1,0.4853595,0.5836054,1,0.384891,0
1,0.6163853,0.4547212,0.7342603,1,0.4776098,1,1,0.386294,1
1,0.608633,0.4509628,0.7279994,1,0.4705763,1,1,0.3868305,1
1,0.6003616,0.4477749,0.7216524,1,0.4636015,1,1,0.3873267,1
1,0.5916037,0.4451127,0.7152221,1,0.4566786,1,1,0.3877792,1
1,0.5823933,0.4429372,0.708711,1,0.4498013,1,1,1,2
1,0.561726,0.462421,0.6990923,1,0.4445545,1,1,1,2
1,0.5719489,1,0.6898525,1,0.4394664,1,1,1,2
1,0.5778086,1,0.6819341,1,0.433639,0.5500355,1,1,1
1,0.4351899,1,0.6749995,1,0.4270121,0.5474165,1,1,2
1,0.4222114,1,0.6676684,1,0.4207617,0.5401684,1,1,2
1,0.4095126,1,0.6603939,1,0.4144961,0.5332167,1,1,2
1,0.3970801,1,0.6531731,1,0.4082136,0.5265499,1,1,2
1,0.384901,1,0.6460028,1,0.4019126,0.5201554,1,1,2
1,0.3729615,1,0.6556937,1,0.3955919,0.5140207,1,1,2
1,0.3612793,1,0.69047,1,0.3892425,0.5082095,1,1,2
1,0.3498744,1,0.7264152,1,0.3828539,0.5027989,1,1,2
1,0.3387165,1,1,1,0.3764277,0.4977435,1,1,1
1,0.328113,1,1,1,0.3698705,0.4938924,1,1,1
1,0.3175934,1,1,1,0.3633051,1,1,1,2
1,0.3039508,1,1,0.4465003,0.35775,0.4773699,1,1,1
1,0.29458,0.6244144,1,0.4391609,0.3508804,0.4760224,1,1,2
1,0.2916451,0.6161578,1,0.4079391,0.344532,0.4702618,1,1,2
1,0.2941008,0.6081036,1,0.3822903,0.3381098,0.4651056,1,1,1
1,0.2963875,0.600252,1,0.3612456,0.3316058,1,1,1,2
0.6120254,0.3023674,0.5902922,1,0.3142174,0.3261844,0.4478723,1,1,2
0.571698,0.3091394,0.5803888,1,0.3082225,0.3209132,0.4349513,1,1,2
0.5355257,0.3160923,0.5708876,1,0.3022568,0.3155963,0.423115,1,1,2
0.5029606,0.323158,0.561764,1,0.2963016,0.3102098,0.4122969,1,1,2
0.3647718,0.3302749,0.5529872,1,0.2903412,0.3047356,0.4024144,1,1,2
0.3379034,0.3391671,0.5439815,1,0.2846009,0.2996452,0.3911354,1,1,2
0.3139028,0.3479408,0.5354157,1,0.27882,0.2943925,0.3811226,1,1,2
0.292213,1,0.5272194,1,0.2729839,0.288969,0.3721802,1,1,0
0.2806956,1,0.5210648,1,0.2660423,0.2813812,0.371889,1,1,1
0.2685774,1,0.5148148,1,0.259159,0.2739092,0.3712651,1,1,1
0.2559302,1,0.5084758,1,0.2523255,0.2665373,0.3703245,0.4039491,1,0
0.2519526,1,0.504248,1,0.2445586,0.2573014,0.3786559,0.374914,1,0
0.2476761,1,0.5001724,1,0.2369368,0.2482992,1,0.3481164,0.6168716,0
0.2430542,1,0.4962477,1,0.2294515,0.239517,0.2728301,0.3232974,0.5969239,0
0.2417482,1,0.4924731,1,0.2220947,0.2309426,0.2612757,0.3002368,0.5975329,0
0.2405088,1,0.4888481,1,0.2148589,0.2225642,0.2501197,0.2787458,0.5985482,0
0.2392462,1,0.4853727,1,0.2167066,0.2143709,0.2393375,0.2669379,0.5999746,0
0.2379599,1,0.482047,1,0.2751581,0.2063522,0.2289057,0.2703707,0.6018172,0
0.2366493,1,0.4788717,1,1,0.1984985,0.2188034,0.2742051,0.6040825,0
0.2353137,1,0.4758478,1,1,0.1908003,0.2090106,0.278464,0.6067783,0
0.2339525,1,0.4729763,1,1,0.1832487,0.1995088,0.2831721,1,1
0.2337484,1,0.4664021,1,1,0.1763579,0.1918092,0.2839779,1,1
0.2335479,1,0.4597357,1,1,0.1694887,0.1841681,0.2847345,1,1
0.2333504,1,0.4529853,1,1,0.1626381,0.1765778,0.2854451,1,1
0.2331552,1,0.4461589,1,1,0.1558033,0.1690318,0.2861129,0.3573875,0
0.231752,1,0.4432746,0.5090621,1,0.1485441,0.16019,0.2915885,0.3086124,0
0.2303212,1,0.4405316,0.4602556,1,0.1504767,0.1515829,0.2067753,0.2664188,0
0.2288619,1,0.4379323,0.4193485,1,0.1842769,0.143197,0.192642,0.2316206,0
0.2273733,1,0.4354792,0.3902043,1,0.2363314,0.1350195,0.1792087,0.2339786,0
0.2259332,1,0.4326736,0.3853906,1,1,0.1271189,0.1667224,0.2364369,0
0.2246374,1,0.4286732,0.3801092,1,1,0.1195628,0.1554514,0.2386512,0
0.2233533,1,0.4242634,0.3746776,1,1,0.112167,0.1447309,0.240868,0
0.222072,1,1,0.3690931,1,1,0.1049033,0.1344643,0.2430733,0
0.2204676,1,1,0.3647843,1,1,0.09745508,0.1234017,0.2465684,0
0.2188283,1,1,0.3605984,1,1,0.1054307,0.1128119,0.250393,0
0.2171911,1,1,0.3562302,0.4530114,1,0.1199472,0.1028273,0.179002,0
0.2155713,1,1,0.3513446,0.4166004,1,0.1349556,0.09348392,0.1599572,0
0.2139237,1,1,0.3462562,0.3869576,1,0.1514154,0.08449329,0.1424495,0
0.212243,1,1,0.3409673,0.3622452,1,0.169288,0.0757936,0.1261636,0
0.210526,1,1,0.3354852,0.3412136,1,0.1885129,0.06733416,0.1108552,0
0.2087713,1,1,0.3298206,0.3229858,1,1,0.0620574,0.0963328,1
0.2070037,1,1,0.3230961,0.3133864,1,1,0.06540039,0.08322146,1
0.205222,1,1,0.3163368,0.3040888,1,1,0.06877784,0.07024985,1
0.2034269,1,1,0.3095452,0.2950615,1,1,0.07218683,0.05740404,1
0.2016194,1,1,0.3027232,0.2862765,1,1,0.07562465,0.04950484,1
0.1998006,1,1,0.2958477,0.2778826,1,1,0.07906649,0.05168019,1
0.1979733,1,1,0.2888737,0.2701698,1,1,0.08246012,0.05384748,1
0.196141,1,1,0.2818161,0.2635342,1,1,0.08579852,0.05600242,1
0.194307,1,1,0.2746891,0.2568688,1,1,0.08907703,0.05814157,1
0.2798555,1,1,0.2675039,0.250171,1,1,0.09229077,0.06026171,1
0.4252852,1,1,0.260743,0.2437087,1,1,0.09599731,0.06252476,0
0.4234646,1,1,0.2546666,0.2376328,1,1,0.1006487,0.06507275,0
0.4216078,1,1,0.2483992,0.2314602,1,1,0.105284,0.06764533,0
0.4197131,1,1,0.2419586,0.2251982,1,1,0.1098803,0.07023156,0
0.417781,1,0.2832786,0.235363,0.2188544,1,1,1,0.07282186,2
0.4156035,1,0.2694714,0.2257299,0.2107944,1,1,1,0.07407542,2
1,1,0.2562307,0.2163509,0.2117354,1,1,1,0.07517405,2
1,1,0.2458947,0.2083343,0.2125099,1,1,1,0.07671558,2
1,1,0.2358126,0.2004313,0.213166,1,1,1,0.07820512,2
1,1,0.2259574,0.19263,0.2136996,1,1,1,0.07964588,2
1,1,0.216305,0.1849189,0.2141084,1,1,1,0.08104078,2
1,1,0.2068345,0.1772888,0.2143911,1,1,1,0.08239246,2
1,1,0.1975272,0.1697308,0.2145474,1,1,1,0.08370326,2
1,1,0.1883668,0.1622375,0.2145781,1,1,1,1,2
1,1,0.1774038,0.1539049,0.2313914,1,1,1,1,2
1,1,0.1668141,0.1457448,0.2532837,1,1,1,1,2
1,1,0.1565721,0.1377459,1,1,1,1,1,2
1,1,0.1466545,0.1368082,1,1,1,1,1,2
1,1,0.1370401,0.1442294,1,1,1,1,1,2
1,0.1922925,0.127709,0.153431,1,1,1,1,1,2
1,0.1755699,0.118643,0.1648803,1,1,1,1,1,2
1,0.1598347,0.1098251,0.1792257,1,1,1,1,1,2
1,0.1449941,0.1012392,0.197393,1,1,1,1,1,2
1,0.1309675,0.09287117,0.2207529,1,1,1,1,1,2
1,0.1176825,0.09540956,1,1,1,1,1,1,2
1,0.1050755,0.1009076,1,1,1,1,1,1,2
1,0.09308997,0.1074163,1,1,1,1,1,1,2
0.1699693,0.08167501,0.1151124,1,1,1,1,1,1,2
0.14214,0.07078537,0.1242173,1,1,1,1,1,1,2
0.1172942,0.06077396,0.1350121,1,1,1,1,1,1,2
0.09497259,0.06365762,0.1478597,1,1,1,1,1,1,2
0.07480565,0.06692188,0.1632361,1,1,1,1,1,1,2
0.05649249,0.07059829,1,1,1,1,1,1,1,2
0.05164059,0.07472245,1,1,1,1,1,1,1,2
0.05393424,0.07933486,1,1,1,1,1,1,1,2
0.05645952,0.08448152,1,1,1,1,1,1,1,2
0.05922684,0.09021512,1,1,1,1,1,1,1,2
0.06224759,0.09659602,1,1,1,1,1,1,1,2
0.06553432,0.1036938,1,1,1,1,1,1,1,2
0.06910079,0.1115892,1,1,1,1,1,1,1,2
0.07296212,0.1203759,1,1,1,1,1,1,1,2
0.07713494,1,1,1,1,1,1,1,1,2
0.08163753,1,1,1,1,1,1,1,1,2
0.08649007,1,1,1,1,1,1,1,1,2
